# Blender 4.5.0
# www.blender.org
mtllib Map.mtl
o Floor1
v 4.810523 5.946550 57.884789
v 4.810523 12.711853 57.884789
v 4.810523 5.946550 57.441856
v 4.810523 12.711853 57.441856
v 5.340399 5.946550 57.884789
v 5.340399 12.711853 57.884789
v 5.340399 5.946550 57.441856
v 5.340399 12.711853 57.441856
v 5.340399 5.946550 68.752914
v 5.340399 12.711853 68.752914
v 4.810523 12.711853 68.752914
v 4.810523 5.946550 68.752914
v 4.810523 5.946550 68.376205
v 4.810523 12.711853 68.376205
v 5.340399 12.711853 68.376205
v 5.340399 5.946550 68.376205
v 25.080095 5.946550 68.376205
v 25.080095 12.711853 68.376205
v 25.080095 5.946550 68.752914
v 25.080095 12.711853 68.752914
v 25.456806 12.711853 68.752914
v 25.456806 12.711853 68.376205
v 25.456806 5.946550 68.376205
v 25.456806 5.946550 68.752914
v 25.080095 12.711853 48.088017
v 25.080095 5.946550 48.088017
v 25.456806 5.946550 48.088017
v 25.456806 12.711853 48.088017
v 25.080095 12.711853 47.572674
v 25.080095 5.946550 47.572674
v 25.456806 5.946550 47.572674
v 25.456806 12.711853 47.572674
v 27.518173 12.711853 48.088017
v 27.518173 5.946550 48.088017
v 27.518173 12.711853 47.572674
v 27.518173 5.946550 47.572674
v 27.925022 12.711853 48.088017
v 27.925022 5.946550 48.088017
v 27.925022 12.711853 47.572674
v 27.925022 5.946550 47.572674
v 27.518173 12.711853 38.676247
v 27.518173 5.946550 38.676247
v 27.925022 12.711853 38.676247
v 27.925022 5.946550 38.676247
v 27.518173 12.711853 38.160904
v 27.518173 5.946550 38.160904
v 27.925022 12.711853 38.160904
v 27.925022 5.946550 38.160904
v 27.518173 12.711853 25.711332
v 27.518173 5.946550 25.711332
v 27.925022 12.711853 25.711332
v 27.925022 5.946550 25.711332
v 27.518173 12.711853 25.304483
v 27.518173 5.946550 25.304483
v 27.925022 12.711853 25.304483
v 27.925022 5.946550 25.304483
v 24.724480 12.711853 25.711332
v 24.724480 5.946550 25.711332
v 24.724480 12.711853 25.304483
v 24.724480 5.946550 25.304483
v 21.198458 12.711853 22.944761
v 21.198458 5.946550 22.944761
v 21.198458 12.711853 22.537912
v 21.198458 5.946550 22.537912
v 11.601879 12.711853 22.929621
v 11.601879 5.946550 22.929621
v 11.495905 12.711853 22.530344
v 11.495905 5.946550 22.530344
v 8.447281 12.558455 25.831125
v 8.447281 6.099947 25.831125
v 8.143936 12.558455 25.519922
v 8.143936 6.099947 25.519922
v 8.143936 12.558455 25.831125
v 8.143936 6.099947 25.831125
v 8.447281 12.558455 33.585106
v 8.447281 6.099947 33.585106
v 8.143936 12.558455 33.585106
v 8.143936 6.099947 33.585106
v 8.447281 12.558455 33.930424
v 8.447281 6.099947 33.930424
v 8.143936 12.558455 33.930424
v 8.143936 6.099947 33.930424
v 8.447281 12.558455 34.636757
v 8.447281 6.099947 34.636757
v 8.143936 12.558455 34.636757
v 8.143936 6.099947 34.636757
v 6.323163 12.558455 33.585106
v 6.323163 6.099947 33.585106
v 6.323163 12.558455 33.930424
v 6.323163 6.099947 33.930424
v 8.531898 12.711853 38.676247
v 8.531898 5.946550 38.676247
v 8.531898 12.711853 38.160904
v 8.531898 5.946550 38.160904
v 8.152174 12.711853 38.676247
v 8.152174 5.946550 38.676247
v 8.152174 12.711853 38.160904
v 8.152174 5.946550 38.160904
v 5.087246 12.711853 38.676247
v 5.087246 5.946550 38.676247
v 5.087246 12.711853 38.160904
v 5.087246 5.946550 38.160904
v 4.680398 12.711853 38.676247
v 4.680398 5.946550 38.676247
v 4.680398 12.711853 38.160904
v 4.680398 5.946550 38.160904
v 5.087246 12.711853 41.334324
v 5.087246 5.946550 41.334324
v 4.680398 12.711853 41.334324
v 4.680398 5.946550 41.334324
v 5.087246 12.711853 41.741173
v 5.087246 5.946550 41.741173
v 4.680398 12.711853 41.741173
v 4.680398 5.946550 41.741173
v 5.087246 12.711853 42.175144
v 5.087246 5.946550 42.175144
v 4.680398 12.711853 42.175144
v 4.680398 5.946550 42.175144
v 0.693280 12.711853 41.334324
v 0.693280 5.946550 41.334324
v 0.693280 12.711853 41.741173
v 0.693280 5.946550 41.741173
v 8.531898 12.711853 37.564194
v 8.531898 5.946550 37.564194
v 8.152174 12.711853 37.564194
v 8.152174 5.946550 37.564194
v 23.140030 12.711853 48.088017
v 23.140030 5.946550 48.088017
v 23.140030 12.711853 47.572674
v 23.140030 5.946550 47.572674
v 20.220514 12.711853 48.088017
v 20.220514 5.946550 48.088017
v 20.220514 12.711853 47.572674
v 20.220514 5.946550 47.572674
v 5.170881 12.711853 48.088017
v 5.170881 5.946550 48.088017
v 5.170881 12.711853 47.572674
v 5.170881 5.946550 47.572674
v 4.681156 12.711853 48.088017
v 4.681156 5.946550 48.088017
v 4.681156 12.711853 47.572674
v 4.681156 5.946550 47.572674
v 5.170881 12.711853 47.101784
v 5.170881 5.946550 47.101784
v 4.681156 12.711853 47.101784
v 4.681156 5.946550 47.101784
v 5.170881 12.711853 49.010960
v 5.170881 5.946550 49.010960
v 4.681156 12.711853 49.010960
v 4.681156 5.946550 49.010960
v 4.810523 12.711853 53.531590
v 4.810523 5.946550 53.531590
v 5.340399 5.946550 53.531590
v 5.340399 12.711853 53.531590
v 3.929017 5.946550 57.441856
v 3.929017 5.946550 57.884789
v 3.929017 12.711853 57.884789
v 3.929017 12.711853 57.441856
v -3.371658 5.946550 57.441856
v -3.371658 5.946550 57.884789
v -3.371658 12.711853 57.884789
v -3.371658 12.711853 57.441856
v -4.366177 5.946550 57.441856
v -4.366177 5.946550 57.884789
v -4.366177 12.711853 57.884789
v -4.366177 12.711853 57.441856
v -12.570963 5.946550 57.441856
v -12.570963 5.946550 57.884789
v -12.570963 12.711853 57.884789
v -12.570963 12.711853 57.441856
v -13.045620 5.946550 57.441856
v -13.045620 5.946550 57.884789
v -13.045620 12.711853 57.884789
v -13.045620 12.711853 57.441856
v -29.183954 5.946550 57.441856
v -29.183954 5.946550 57.884789
v -29.183954 12.711853 57.884789
v -29.183954 12.711853 57.441856
v -29.703817 5.946550 57.441856
v -29.703817 5.946550 57.884789
v -29.703817 12.711853 57.884789
v -29.703817 12.711853 57.441856
v -12.570963 12.711853 56.289124
v -12.570963 5.946550 56.289124
v -13.045620 12.711853 56.289124
v -13.045620 5.946550 56.289124
v -29.183954 12.711853 41.710369
v -29.183954 5.946550 41.710369
v -29.703817 12.711853 41.710369
v -29.703817 5.946550 41.710369
v -29.183954 12.711853 41.280918
v -29.183954 5.946550 41.280918
v -29.703817 12.711853 41.280918
v -29.703817 5.946550 41.280918
v -27.420942 12.711853 41.710369
v -27.420942 5.946550 41.710369
v -27.420942 12.711853 41.280918
v -27.420942 5.946550 41.280918
v -33.681892 12.711853 41.710369
v -33.681892 5.946550 41.710369
v -33.681892 12.711853 41.280918
v -33.681892 5.946550 41.280918
v -34.133945 12.711853 41.710369
v -34.133945 5.946550 41.710369
v -34.133945 12.711853 41.280918
v -34.133945 5.946550 41.280918
v -22.380539 12.711853 41.710369
v -22.380539 5.946550 41.710369
v -22.380539 12.711853 41.280918
v -22.380539 5.946550 41.280918
v -13.068224 12.711853 41.710369
v -13.068224 5.946550 41.710369
v -13.068224 12.711853 41.280918
v -13.068224 5.946550 41.280918
v -12.616171 12.711853 41.710369
v -12.616171 5.946550 41.710369
v -12.616171 12.711853 41.280918
v -12.616171 5.946550 41.280918
v -8.479876 12.711853 41.710369
v -8.479876 5.946550 41.710369
v -8.479876 12.711853 41.280918
v -8.479876 5.946550 41.280918
v -13.068224 12.711853 50.774055
v -13.068224 5.946550 50.774055
v -12.616171 12.711853 50.774055
v -12.616171 5.946550 50.774055
v -13.068224 12.711853 40.512424
v -13.068224 5.946550 40.512424
v -12.616171 12.711853 40.512424
v -12.616171 5.946550 40.512424
v 0.499825 12.558455 25.519922
v 0.499825 6.099947 25.519922
v 0.499825 12.558455 25.831125
v 0.499825 6.099947 25.831125
v 0.138810 12.558455 25.519922
v 0.138810 6.099947 25.519922
v 0.138810 12.558455 25.831125
v 0.138810 6.099947 25.831125
v 0.499825 12.558455 33.585106
v 0.499825 6.099947 33.585106
v 0.138810 12.558455 33.585106
v 0.138810 6.099947 33.585106
v 0.499825 12.558455 33.946121
v 0.499825 6.099947 33.946121
v 0.138810 12.558455 33.946121
v 0.138810 6.099947 33.946121
v 2.085154 12.558455 33.585106
v 2.085154 6.099947 33.585106
v 2.085154 12.558455 33.946121
v 2.085154 6.099947 33.946121
v 0.499825 12.558455 20.136084
v 0.499825 6.099947 20.136084
v 0.138810 12.558455 20.136084
v 0.138810 6.099947 20.136084
v 0.499825 12.558455 19.884943
v 0.499825 6.099947 19.884943
v 0.138810 12.558455 19.884943
v 0.138810 6.099947 19.884943
v -12.716480 12.558455 20.136084
v -12.716480 6.099947 20.136084
v -12.716480 12.558455 19.884943
v -12.716480 6.099947 19.884943
v -12.999014 12.558455 20.136084
v -12.999014 6.099947 20.136084
v -12.999014 12.558455 19.884943
v -12.999014 6.099947 19.884943
v -12.716480 12.558455 21.172041
v -12.716480 6.099947 21.172041
v -12.999014 12.558455 21.172041
v -12.999014 6.099947 21.172041
v -12.716480 12.558455 21.533056
v -12.716480 6.099947 21.533056
v -12.999014 12.558455 21.533056
v -12.999014 6.099947 21.533056
v -12.716480 12.558455 35.750156
v -12.716480 6.099947 35.750156
v -12.999014 12.558455 35.750156
v -12.999014 6.099947 35.750156
v -33.721874 12.711853 37.942307
v -33.721874 5.946550 37.942307
v -34.173927 12.711853 37.942307
v -34.173927 5.946550 37.942307
v -18.706522 12.558455 21.172041
v -18.706522 6.099947 21.172041
v -18.706522 12.558455 21.533056
v -18.706522 6.099947 21.533056
v -29.841949 12.558455 21.172041
v -29.841949 6.099947 21.172041
v -29.841949 12.558455 21.533056
v -29.841949 6.099947 21.533056
v -33.971104 12.558455 21.201656
v -33.971104 6.099947 21.201656
v -33.763554 12.558455 21.526623
v -33.763554 6.099947 21.526623
v -37.355610 12.558455 26.067583
v -37.355610 6.099947 26.067583
v -36.924129 12.558455 26.067583
v -36.924129 6.099947 26.067583
v -37.355610 12.558455 34.203098
v -37.355610 6.099947 34.203098
v -36.924129 12.558455 34.203098
v -36.924129 6.099947 34.203098
v -12.716480 6.099947 21.352549
v -12.716480 12.558455 21.352549
v -12.999014 6.099947 21.352549
v -18.706522 6.167965 21.352549
v -18.706522 12.558455 21.352549
v -29.841949 6.099947 21.352549
v -29.841949 12.558455 21.352549
v -33.867329 6.099947 21.364140
v -37.139870 6.099947 26.067583
v -23.465363 12.558455 21.533056
v -23.465363 6.099947 21.533056
v -23.465363 12.558455 21.352549
v -23.465363 6.099947 21.352549
v -25.098995 12.558455 21.172041
v -25.098995 6.099947 21.172041
v -25.098995 6.099947 21.352549
v -25.098995 12.558455 21.352549
v -18.706522 6.099947 21.352549
vn -0.0000 -0.0000 -1.0000
vn 1.0000 -0.0000 -0.0000
vn -1.0000 -0.0000 -0.0000
vn -0.0000 -0.0000 1.0000
vn 0.0008 -0.0000 -1.0000
vn 0.6173 -0.0000 -0.7867
vn -0.6173 -0.0000 0.7867
vn -0.0016 -0.0000 1.0000
vn 0.6770 -0.0000 0.7360
vn -0.6656 -0.0000 -0.7463
vn -0.0000 -1.0000 -0.0000
vn -0.9999 -0.0000 0.0120
vn 0.9999 -0.0000 -0.0120
vn -0.0072 -0.0000 -1.0000
vn -0.8209 -0.0000 -0.5710
vn 0.8208 -0.0000 0.5713
vn 0.7595 -0.0000 -0.6505
vn -0.7616 -0.0000 0.6480
vn 0.0052 -0.9827 0.1851
vt 0.591955 0.405885
vt 0.586611 0.349847
vt 0.575749 0.350421
vt 0.580419 0.406438
vt 0.593150 0.349502
vt 0.598901 0.405553
vt 0.599169 0.401711
vt 0.593364 0.345517
vt 0.606822 0.291925
vt 0.599416 0.232978
vt 0.592175 0.402049
vt 0.586782 0.345867
vt 0.591616 0.233469
vt 0.598437 0.292409
vt 0.591823 0.228657
vt 0.598708 0.287659
vt 0.928169 0.273377
vt 0.897712 0.214220
vt 0.599675 0.228160
vt 0.900018 0.209148
vt 0.930877 0.268350
vt 0.607153 0.287168
vt 0.905903 0.208776
vt 0.937233 0.267980
vt 0.903555 0.213853
vt 0.934476 0.273014
vt 0.828762 0.466019
vt 0.811635 0.412658
vt 0.834916 0.411578
vt 0.853362 0.464992
vt 0.824278 0.466207
vt 0.807391 0.412855
vt 0.805722 0.416524
vt 0.822398 0.469695
vt 0.826850 0.469511
vt 0.809938 0.416330
vt 0.833058 0.415264
vt 0.851270 0.468498
vt 0.819349 0.521993
vt 0.804525 0.471850
vt 0.858229 0.464788
vt 0.839522 0.411364
vt 0.837632 0.415053
vt 0.856101 0.468297
vt 0.808610 0.471681
vt 0.823638 0.521834
vt 0.803055 0.474767
vt 0.817713 0.524734
vt 0.783650 0.581819
vt 0.772227 0.535905
vt 0.807114 0.474600
vt 0.821975 0.524577
vt 0.775761 0.535778
vt 0.787336 0.581701
vt 0.771351 0.537642
vt 0.782688 0.583431
vt 0.786358 0.583314
vt 0.774871 0.537516
vt 0.747242 0.538506
vt 0.757550 0.584232
vt 0.758401 0.582628
vt 0.748016 0.536776
vt 0.721289 0.595737
vt 0.712696 0.550926
vt 0.632420 0.553755
vt 0.637731 0.598354
vt 0.721961 0.594231
vt 0.713307 0.549298
vt 0.638956 0.596869
vt 0.633576 0.552149
vt 0.610714 0.585680
vt 0.606534 0.542494
vt 0.610436 0.507427
vt 0.615152 0.552937
vt 0.613382 0.585594
vt 0.609100 0.542401
vt 0.606390 0.543787
vt 0.610551 0.586883
vt 0.542300 0.546082
vt 0.543944 0.589018
vt 0.618057 0.552836
vt 0.613221 0.507319
vt 0.618285 0.551242
vt 0.613421 0.505618
vt 0.613835 0.502097
vt 0.618756 0.547941
vt 0.615815 0.548045
vt 0.611017 0.502208
vt 0.615368 0.551344
vt 0.610625 0.505727
vt 0.597745 0.553547
vt 0.593748 0.508078
vt 0.593874 0.506382
vt 0.597892 0.551958
vt 0.622616 0.529277
vt 0.617016 0.479606
vt 0.616681 0.482430
vt 0.622231 0.531928
vt 0.618749 0.529421
vt 0.613327 0.479758
vt 0.616298 0.485659
vt 0.621790 0.534955
vt 0.618388 0.532069
vt 0.613014 0.482581
vt 0.583502 0.483794
vt 0.587462 0.533207
vt 0.587630 0.530573
vt 0.583639 0.480986
vt 0.579709 0.481149
vt 0.583511 0.530725
vt 0.583369 0.533358
vt 0.579596 0.483955
vt 0.580316 0.466128
vt 0.584274 0.516611
vt 0.588529 0.516448
vt 0.584370 0.465955
vt 0.588672 0.514203
vt 0.584486 0.463569
vt 0.584611 0.460999
vt 0.588826 0.511782
vt 0.584526 0.511948
vt 0.580516 0.461176
vt 0.584395 0.514367
vt 0.580412 0.463744
vt 0.542737 0.518200
vt 0.540737 0.467816
vt 0.540641 0.465449
vt 0.542647 0.515972
vt 0.612656 0.485808
vt 0.617974 0.535095
vt 0.801238 0.467169
vt 0.785579 0.413867
vt 0.784061 0.417522
vt 0.799526 0.470644
vt 0.752910 0.415383
vt 0.766736 0.468610
vt 0.592065 0.475907
vt 0.587360 0.423063
vt 0.765273 0.472065
vt 0.751616 0.419018
vt 0.587183 0.426596
vt 0.591845 0.479259
vt 0.582052 0.423309
vt 0.586469 0.476141
vt 0.586288 0.479490
vt 0.581910 0.426839
vt 0.591646 0.482282
vt 0.587022 0.429783
vt 0.581781 0.430023
vt 0.586125 0.482509
vt 0.587685 0.416617
vt 0.592467 0.469784
vt 0.586799 0.470023
vt 0.582312 0.416869
vt 0.585191 0.382857
vt 0.590145 0.437584
vt 0.596689 0.437289
vt 0.591373 0.382549
vt 0.580557 0.402609
vt 0.575849 0.346448
vt 0.485753 0.410969
vt 0.486574 0.355127
vt 0.474534 0.355762
vt 0.472979 0.411581
vt 0.486092 0.351215
vt 0.485236 0.407203
vt 0.472374 0.407823
vt 0.473974 0.351859
vt 0.368671 0.416574
vt 0.376164 0.360954
vt 0.379188 0.370709
vt 0.372005 0.425943
vt 0.367358 0.412886
vt 0.374975 0.357118
vt 0.361342 0.413175
vt 0.369300 0.357419
vt 0.362695 0.416860
vt 0.370525 0.361251
vt 0.182109 0.371195
vt 0.163225 0.426409
vt 0.160556 0.422854
vt 0.179710 0.367490
vt 0.173709 0.367809
vt 0.154207 0.423160
vt 0.156917 0.426711
vt 0.176144 0.371509
vt 0.234202 0.527997
vt 0.246376 0.478242
vt 0.373641 0.370997
vt 0.366132 0.426219
vt 0.239337 0.527800
vt 0.251282 0.478032
vt 0.267950 0.477317
vt 0.256788 0.527129
vt 0.241008 0.530026
vt 0.252817 0.480403
vt 0.247935 0.480611
vt 0.235899 0.530221
vt 0.210721 0.482198
vt 0.196955 0.531710
vt 0.258371 0.529362
vt 0.269404 0.479696
vt 0.195061 0.529502
vt 0.208982 0.479845
vt 0.204748 0.480026
vt 0.190631 0.529672
vt 0.192547 0.531879
vt 0.206508 0.482378
vt 0.317101 0.477662
vt 0.308310 0.527453
vt 0.401760 0.523880
vt 0.406301 0.473858
vt 0.306983 0.525200
vt 0.315879 0.475263
vt 0.405521 0.471421
vt 0.400918 0.521589
vt 0.409909 0.471233
vt 0.405518 0.521413
vt 0.385961 0.466630
vt 0.391895 0.413300
vt 0.447783 0.519788
vt 0.450219 0.469505
vt 0.450776 0.471962
vt 0.448381 0.522098
vt 0.410668 0.473672
vt 0.406336 0.523705
vt 0.380790 0.466854
vt 0.386990 0.413536
vt 0.407678 0.478160
vt 0.403246 0.527920
vt 0.407780 0.527748
vt 0.412006 0.477977
vt 0.543890 0.587829
vt 0.542243 0.544804
vt 0.540818 0.589119
vt 0.539290 0.546190
vt 0.539224 0.544912
vt 0.540754 0.587930
vt 0.541863 0.608532
vt 0.540376 0.567107
vt 0.542425 0.555483
vt 0.540698 0.510145
vt 0.537425 0.510273
vt 0.539013 0.555602
vt 0.540620 0.508388
vt 0.542351 0.553837
vt 0.538925 0.553958
vt 0.537334 0.508517
vt 0.557432 0.554957
vt 0.555092 0.509584
vt 0.557420 0.553308
vt 0.555070 0.507823
vt 0.543232 0.567010
vt 0.544824 0.608442
vt 0.544863 0.609298
vt 0.543273 0.567935
vt 0.540424 0.568031
vt 0.541909 0.609388
vt 0.437406 0.611703
vt 0.439609 0.570532
vt 0.439894 0.571440
vt 0.437707 0.612544
vt 0.437414 0.570607
vt 0.435132 0.611773
vt 0.435438 0.612612
vt 0.437704 0.571514
vt 0.438419 0.566743
vt 0.436150 0.608195
vt 0.435928 0.607575
vt 0.438209 0.566074
vt 0.436203 0.566819
vt 0.433853 0.608265
vt 0.435989 0.566150
vt 0.391331 0.567686
vt 0.391621 0.568349
vt 0.435775 0.565482
vt 0.391042 0.567022
vt 0.418794 0.504244
vt 0.415301 0.549954
vt 0.412623 0.550050
vt 0.416227 0.504347
vt 0.433401 0.607026
vt 0.437999 0.565405
vt 0.435706 0.606955
vt 0.206417 0.548297
vt 0.219254 0.499913
vt 0.223315 0.499746
vt 0.210659 0.548142
vt 0.387030 0.608453
vt 0.387644 0.609682
vt 0.305209 0.570648
vt 0.304775 0.569994
vt 0.274725 0.571052
vt 0.274368 0.571666
vt 0.391332 0.567687
vt 0.387338 0.609069
vt 0.354365 0.568958
vt 0.354013 0.568298
vt 0.236836 0.554825
vt 0.235123 0.554886
vt 0.298568 0.612415
vt 0.305642 0.571300
vt 0.274013 0.572277
vt 0.265809 0.613318
vt 0.297644 0.611205
vt 0.266520 0.612185
vt 0.233410 0.554948
vt 0.223278 0.597256
vt 0.226831 0.597142
vt 0.205118 0.520289
vt 0.208830 0.520144
vt 0.196763 0.564836
vt 0.192901 0.564972
vt 0.298107 0.611811
vt 0.349031 0.610246
vt 0.348656 0.609635
vt 0.342102 0.570049
vt 0.341731 0.569392
vt 0.335940 0.610648
vt 0.336336 0.611256
s 0
f 4/1/1 3/2/1 155/3/1 158/4/1
f 7/5/2 8/6/2 6/7/2 5/8/2
f 5/8/2 6/7/2 15/9/2 16/10/2
f 2/11/3 1/12/3 13/13/3 14/14/3
f 14/14/3 13/13/3 12/15/3 11/16/3
f 16/10/1 15/9/1 18/17/1 17/18/1
f 9/19/4 19/20/4 20/21/4 10/22/4
f 19/20/4 24/23/4 21/24/4 20/21/4
f 23/25/2 22/26/2 21/24/2 24/23/2
f 28/27/4 27/28/4 34/29/4 33/30/4
f 22/26/2 23/25/2 27/28/2 28/27/2
f 17/18/3 18/17/3 25/31/3 26/32/3
f 30/33/1 29/34/1 32/35/1 31/36/1
f 36/37/3 35/38/3 41/39/3 42/40/3
f 31/36/1 32/35/1 35/38/1 36/37/1
f 37/41/2 38/42/2 40/43/2 39/44/2
f 33/30/4 34/29/4 38/42/4 37/41/4
f 39/44/2 40/43/2 44/45/2 43/46/2
f 46/47/3 45/48/3 49/49/3 50/50/3
f 43/46/2 44/45/2 48/51/2 47/52/2
f 47/52/2 48/51/2 52/53/2 51/54/2
f 54/55/1 53/56/1 55/57/1 56/58/1
f 51/54/2 52/53/2 56/58/2 55/57/2
f 53/56/1 54/55/1 60/59/1 59/60/1
f 50/50/4 49/49/4 57/61/4 58/62/4
f 63/63/5 64/64/5 68/65/5 67/66/5
f 59/60/6 60/59/6 64/64/6 63/63/6
f 58/62/7 57/61/7 61/67/7 62/68/7
f 62/68/8 61/67/8 65/69/8 66/70/8
f 73/71/3 74/72/3 78/73/3 77/74/3
f 66/70/9 65/69/9 69/75/9 70/76/9
f 67/66/10 68/65/10 72/77/10 71/78/10
f 71/78/1 72/77/1 232/79/1 231/80/1
f 70/76/2 69/75/2 75/81/2 76/82/2
f 76/82/2 75/81/2 79/83/2 80/84/2
f 84/85/4 83/86/4 85/87/4 86/88/4
f 80/84/2 79/83/2 83/86/2 84/85/2
f 81/89/3 82/90/3 86/88/3 85/87/3
f 87/91/3 88/92/3 90/93/3 89/94/3
f 77/74/1 78/73/1 88/92/1 87/91/1
f 82/90/4 81/89/4 89/94/4 90/93/4
f 42/40/4 41/39/4 91/95/4 92/96/4
f 45/48/1 46/47/1 94/97/1 93/98/1
f 92/96/4 91/95/4 95/99/4 96/100/4
f 93/98/2 94/97/2 124/101/2 123/102/2
f 97/103/1 98/104/1 102/105/1 101/106/1
f 96/100/4 95/99/4 99/107/4 100/108/4
f 104/109/3 103/110/3 105/111/3 106/112/3
f 103/110/3 104/109/3 110/113/3 109/114/3
f 101/106/1 102/105/1 106/112/1 105/111/1
f 100/108/2 99/107/2 107/115/2 108/116/2
f 108/116/2 107/115/2 111/117/2 112/118/2
f 116/119/4 115/120/4 117/121/4 118/122/4
f 112/118/2 111/117/2 115/120/2 116/119/2
f 113/123/3 114/124/3 118/122/3 117/121/3
f 119/125/3 120/126/3 122/127/3 121/128/3
f 109/114/1 110/113/1 120/126/1 119/125/1
f 114/124/4 113/123/4 121/128/4 122/127/4
f 123/102/1 124/101/1 126/129/1 125/130/1
f 98/104/3 97/103/3 125/130/3 126/129/3
f 26/32/4 25/31/4 127/131/4 128/132/4
f 29/34/1 30/33/1 130/133/1 129/134/1
f 132/135/4 131/136/4 135/137/4 136/138/4
f 133/139/1 134/140/1 138/141/1 137/142/1
f 140/143/3 139/144/3 141/145/3 142/146/3
f 143/147/1 144/148/1 146/149/1 145/150/1
f 137/142/2 138/141/2 144/148/2 143/147/2
f 142/146/3 141/145/3 145/150/3 146/149/3
f 148/151/4 147/152/4 149/153/4 150/154/4
f 136/138/2 135/137/2 147/152/2 148/151/2
f 139/144/3 140/143/3 150/154/3 149/153/3
f 152/155/1 151/156/1 154/157/1 153/158/1
f 3/2/3 4/1/3 151/156/3 152/155/3
f 8/6/2 7/5/2 153/158/2 154/157/2
f 1/12/4 2/11/4 157/159/4 156/160/4
f 162/161/1 159/162/1 163/163/1 166/164/1
f 160/165/4 161/166/4 165/167/4 164/168/4
f 170/169/2 167/170/2 184/171/2 183/172/2
f 166/164/1 163/163/1 167/170/1 170/169/1
f 164/168/4 165/167/4 169/173/4 168/174/4
f 168/174/4 169/173/4 173/175/4 172/176/4
f 174/177/1 171/178/1 175/179/1 178/180/1
f 172/176/4 173/175/4 177/181/4 176/182/4
f 180/183/3 181/184/3 182/185/3 179/186/3
f 179/186/3 182/185/3 189/187/3 190/188/3
f 176/182/4 177/181/4 181/184/4 180/183/4
f 183/172/1 184/171/1 186/189/1 185/190/1
f 171/178/3 174/177/3 185/190/3 186/189/3
f 187/191/4 188/192/4 196/193/4 195/194/4
f 178/180/2 175/179/2 188/192/2 187/191/2
f 191/195/1 192/196/1 194/197/1 193/198/1
f 193/198/1 194/197/1 202/199/1 201/200/1
f 192/196/1 191/195/1 197/201/1 198/202/1
f 190/188/4 189/187/4 199/203/4 200/204/4
f 204/205/3 203/206/3 205/207/3 206/208/3
f 200/204/4 199/203/4 203/206/4 204/205/4
f 210/209/1 209/210/1 213/211/1 214/212/1
f 207/213/4 208/214/4 212/215/4 211/216/4
f 216/217/2 215/218/2 225/219/2 226/220/2
f 219/221/2 220/222/2 222/223/2 221/224/2
f 215/218/4 216/217/4 220/222/4 219/221/4
f 218/225/1 217/226/1 221/224/1 222/223/1
f 223/227/4 224/228/4 226/220/4 225/219/4
f 211/216/3 212/215/3 224/228/3 223/227/3
f 228/229/1 227/230/1 229/231/1 230/232/1
f 217/226/2 218/225/2 230/232/2 229/231/2
f 214/212/3 213/211/3 227/230/3 228/229/3
f 74/72/4 73/71/4 233/233/4 234/234/4
f 235/235/3 236/236/3 238/237/3 237/238/3
f 236/236/3 235/235/3 253/239/3 254/240/3
f 234/234/2 233/233/2 239/241/2 240/242/2
f 237/238/3 238/237/3 242/243/3 241/244/3
f 244/245/4 243/246/4 245/247/4 246/248/4
f 240/242/1 239/241/1 247/249/1 248/250/1
f 241/244/3 242/243/3 246/248/3 245/247/3
f 248/250/2 247/249/2 249/251/2 250/252/2
f 243/246/4 244/245/4 250/252/4 249/251/4
f 231/80/2 232/79/2 252/253/2 251/254/2
f 255/255/1 256/256/1 258/257/1 257/258/1
f 251/254/2 252/253/2 256/256/2 255/255/2
f 254/240/4 253/239/4 259/259/4 260/260/4
f 257/258/1 258/257/1 262/261/1 261/262/1
f 264/263/3 263/264/3 265/265/3 266/266/3
f 261/262/1 262/261/1 266/266/1 265/265/1
f 268/267/2 267/268/2 304/269/2 303/270/2
f 263/264/3 264/263/3 270/271/3 269/272/3
f 260/260/2 259/259/2 267/268/2 268/267/2
f 270/271/11 305/273/11 320/274/11 284/275/11
f 305/273/11 274/276/11 286/277/11 320/274/11
f 276/278/4 275/279/4 277/280/4 278/281/4
f 273/282/3 274/276/3 278/281/3 277/280/3
f 272/283/2 271/284/2 275/279/2 276/278/2
f 159/162/2 162/161/2 161/166/2 160/165/2
f 196/193/2 198/202/2 197/201/2 195/194/2
f 208/214/3 207/213/3 209/210/3 210/209/3
f 155/3/3 156/160/3 157/159/3 158/4/3
f 132/135/2 134/140/2 133/139/2 131/136/2
f 128/132/3 127/131/3 129/134/3 130/133/3
f 206/208/12 205/207/12 281/285/12 282/286/12
f 201/200/13 202/199/13 280/287/13 279/288/13
f 303/270/2 304/269/2 271/284/2 272/283/2
f 305/273/11 303/270/11 272/283/11 274/276/11
f 274/276/4 273/282/4 285/289/4 286/277/4
f 269/272/1 270/271/1 284/275/1 283/290/1
f 308/291/11 290/292/11 294/293/11 310/294/11
f 306/295/3 286/277/3 285/289/3 307/296/3
f 290/292/11 308/291/11 315/297/11 313/298/11
f 310/294/11 294/293/11 298/299/11 311/300/11
f 287/301/14 288/302/14 292/303/14 291/304/14
f 290/292/8 289/305/8 293/306/8 294/293/8
f 291/304/15 292/303/15 296/307/15 295/308/15
f 294/293/16 293/306/16 297/309/16 298/299/16
f 300/310/4 302/311/4 301/312/4 299/313/4
f 298/299/2 297/309/2 301/312/2 302/311/2
f 296/307/11 311/300/11 298/299/11 302/311/11 300/310/11
f 295/308/3 296/307/3 300/310/3 299/313/3
f 280/287/1 282/286/1 281/285/1 279/288/1
f 301/312/17 279/288/17 280/287/17 302/311/17
f 281/285/18 299/313/18 300/310/18 282/286/18
f 270/271/11 268/267/11 303/270/11 305/273/11
f 292/303/11 310/294/11 311/300/11 296/307/11
f 288/302/2 287/301/2 309/314/2 308/291/2
f 288/302/11 308/291/11 310/294/11 292/303/11
f 315/297/2 314/315/2 312/316/2 313/298/2
f 308/291/1 309/314/1 314/315/1 315/297/1
f 289/305/4 290/292/4 313/298/4 312/316/4
f 317/317/3 318/318/3 319/319/3 316/320/3
f 284/275/19 306/295/19 318/318/19 317/317/19
f 306/295/4 307/296/4 319/319/4 318/318/4
f 283/290/1 284/275/1 317/317/1 316/320/1
f 10/22/4 11/16/4 12/15/4 9/19/4
o Door
v -1.829274 6.100482 57.674225
v -1.829274 11.726608 57.674225
v -1.829274 6.100482 57.531944
v -1.829274 11.726608 57.531944
v 2.335823 6.100482 57.674225
v 2.335823 11.726608 57.674225
v 2.335823 6.100482 57.531944
v 2.335823 11.726608 57.531944
vn -1.0000 -0.0000 -0.0000
vn -0.0000 -0.0000 -1.0000
vn 1.0000 -0.0000 -0.0000
vn -0.0000 -0.0000 1.0000
vn -0.0000 -1.0000 -0.0000
vn -0.0000 1.0000 -0.0000
vt 0.375000 0.000000
vt 0.625000 0.000000
vt 0.625000 0.250000
vt 0.375000 0.250000
vt 0.625000 0.500000
vt 0.375000 0.500000
vt 0.625000 0.750000
vt 0.375000 0.750000
vt 0.625000 1.000000
vt 0.375000 1.000000
vt 0.125000 0.500000
vt 0.125000 0.750000
vt 0.875000 0.500000
vt 0.875000 0.750000
s 0
f 321/321/20 322/322/20 324/323/20 323/324/20
f 323/324/21 324/323/21 328/325/21 327/326/21
f 327/326/22 328/325/22 326/327/22 325/328/22
f 325/328/23 326/327/23 322/329/23 321/330/23
f 323/331/24 327/326/24 325/328/24 321/332/24
f 328/325/25 324/333/25 322/334/25 326/327/25
o Ground
v 5.024747 6.121023 68.455193
v 25.198086 6.121023 68.455193
v 5.024747 6.121023 47.456825
v 25.198086 6.121023 47.456821
v 27.515369 6.121023 47.456821
v 5.024747 6.121023 38.168415
v 27.515369 6.121023 38.168415
v -12.903149 6.121023 57.763924
v 5.024747 6.121023 57.763924
v -12.903149 6.121023 41.191086
v 5.024747 6.121023 41.191090
v -29.661726 6.121023 57.763924
v 0.223890 6.121023 33.781906
v 8.427854 6.121023 33.781906
v 0.223890 6.121023 25.757637
v 8.427854 6.121023 25.757637
v 0.223890 6.121023 41.191086
v -12.903149 6.121023 19.960430
v 0.223890 6.121023 19.960430
v 0.223890 6.121023 38.168415
v 8.427854 6.121023 38.168415
v -33.751423 6.121023 41.191086
v -33.754269 6.121023 21.138210
v -12.903149 6.121023 21.138212
v -33.754269 6.121023 38.168415
v -37.199852 6.121023 33.781906
v 27.515369 6.121023 25.757637
v 21.146694 6.121023 22.756296
v 11.707520 6.121023 22.756296
v -12.903149 6.121023 47.456821
v -29.661724 6.121023 47.456825
v 25.198086 6.121023 57.763924
v 27.515369 6.121023 41.191086
v -12.903149 6.121023 38.168415
v 5.024747 6.121023 33.781906
v 5.024747 6.121023 25.757637
v 8.427854 6.121023 47.456825
v 8.427854 6.121023 41.191090
v 8.427854 6.121023 68.455185
v 8.427854 6.121023 57.763924
v -29.579311 6.121023 21.138212
v -29.579311 6.121023 41.191086
v -29.579311 6.121023 38.168415
v 0.223890 6.121023 21.138212
v 0.223890 6.121023 57.763924
v 25.198086 6.121023 38.168415
v 25.198086 6.121023 25.757641
v 25.198086 6.121023 41.191086
v -12.903149 6.121023 33.781906
v 27.515369 6.121023 33.781906
v 25.198086 6.121023 33.781906
v -33.754269 6.121023 33.781906
v -29.579311 6.121023 33.781906
v 0.223890 6.121023 47.456821
v 11.707520 6.121023 68.455185
v -29.579311 6.121023 25.757637
v 11.707520 6.121023 25.757637
v 11.707520 6.121023 41.191086
v 11.707520 6.121023 57.763924
v 11.707520 6.121023 47.456825
v 11.707520 6.121023 38.168415
v 11.707520 6.121023 33.781906
v 21.146694 6.121023 68.455185
v 21.146694 6.121023 38.168415
v -12.903149 6.121023 25.757637
v 21.146694 6.121023 25.757637
v 21.146694 6.121023 41.191086
v 21.146694 6.121023 57.763924
v 21.146694 6.121023 47.456825
v 21.146694 6.121023 33.781906
v -33.754269 6.121023 25.757637
v -37.199852 6.121023 25.757637
vn -0.0000 1.0000 -0.0000
vt 0.874382 0.508815
vt 1.000000 0.508815
vt 1.000000 1.000000
vt 0.874382 1.000000
vt 0.876045 0.681244
vt 1.000000 0.681244
vt 0.876045 1.000000
vt 0.734127 0.623529
vt 1.000000 0.623529
vt 0.734127 1.000000
vt 0.000000 0.623529
vt 1.000000 0.623529
vt 0.000000 1.000000
vt 0.580813 0.000000
vt 1.000000 0.000000
vt 0.580812 1.000000
vt 0.000000 0.944520
vt 1.000000 0.944520
vt 0.580812 0.000000
vt 0.000000 0.000000
vt 0.200000 0.836290
vt 1.000000 0.836290
vt 0.200000 1.000000
vt 0.854037 0.349642
vt 1.000000 0.349642
vt 0.854037 1.000000
vt 0.734127 0.000000
vt 0.874382 0.000000
vt 0.876045 0.000000
vt 0.200000 0.000000
vt 1.000000 0.159314
vt 0.200000 0.159314
vt 1.000000 0.151163
vt 0.000000 0.151163
vt 0.150775 0.000000
vt 0.150775 0.681244
vt 0.000000 0.681244
vt 0.150775 1.000000
vt 0.168639 0.000000
vt 0.168639 0.508815
vt 0.000000 0.508815
vt 0.168639 1.000000
vt 0.000000 0.159314
vt 0.000000 0.836290
vt 0.000000 0.790286
vt 1.000000 0.790286
vt 0.766457 0.000000
vt 0.766457 0.681244
vt 0.724993 0.349642
vt 0.724993 1.000000
vt 0.766457 1.000000
vt 1.000000 0.357952
vt 0.000000 0.357952
vt 0.724993 0.000000
vt 0.854037 0.000000
vt 0.200000 0.377394
vt 0.000000 0.377394
vt 1.000000 0.377394
vt 0.427019 0.000000
vt 0.427019 0.349642
vt 0.000000 0.349642
vt 0.513410 0.681244
vt 0.513410 1.000000
vt 0.427019 1.000000
vt 0.513410 0.000000
vt 0.584319 0.000000
vt 0.584320 0.508815
vt 0.584320 1.000000
s 0
f 396/335/26 360/336/26 332/337/26 397/338/26
f 376/339/26 361/340/26 335/337/26 374/341/26
f 382/342/26 331/343/26 339/337/26 345/344/26
f 359/345/26 358/346/26 338/337/26 370/347/26
f 363/348/26 342/349/26 344/337/26 364/350/26
f 352/351/26 372/352/26 347/337/26 346/347/26
f 334/353/26 349/349/26 342/337/26 363/350/26
f 345/354/26 339/349/26 334/337/26 348/347/26
f 384/355/26 393/356/26 352/337/26 369/357/26
f 400/354/26 399/354/26 351/354/26
f 379/358/26 378/359/26 355/337/26 375/360/26
f 357/354/26 344/354/26 385/354/26
f 340/354/26 336/349/26 358/346/26 359/345/26
f 373/361/26 337/349/26 331/343/26 382/342/26
f 391/362/26 330/349/26 360/336/26 396/335/26
f 332/363/26 333/349/26 361/340/26 376/339/26
f 370/364/26 338/349/26 362/365/26 371/366/26
f 338/354/26 345/349/26 348/367/26 362/368/26
f 348/354/26 334/353/26 363/350/26 341/347/26
f 341/354/26 363/348/26 364/350/26 343/347/26
f 331/354/26 365/369/26 366/370/26 339/371/26
f 339/371/26 366/370/26 349/372/26 334/347/26
f 329/354/26 367/373/26 368/374/26 337/375/26
f 337/375/26 368/374/26 365/376/26 331/347/26
f 350/354/26 370/364/26 371/366/26 353/377/26
f 399/378/26 384/355/26 369/357/26 351/347/26
f 393/379/26 343/380/26 372/352/26 352/351/26
f 397/381/26 332/363/26 376/339/26 395/382/26
f 398/383/26 379/358/26 375/360/26 394/384/26
f 395/382/26 376/339/26 374/341/26 392/385/26
f 362/368/26 348/367/26 341/386/26 377/387/26
f 392/388/26 374/389/26 379/358/26 398/383/26
f 374/389/26 335/349/26 378/359/26 379/358/26
f 353/377/26 371/366/26 381/390/26 380/391/26
f 371/366/26 362/365/26 377/392/26 381/390/26
f 354/354/26 353/354/26 380/354/26
f 336/354/26 373/361/26 382/342/26 358/345/26
f 358/345/26 382/342/26 345/344/26 338/347/26
f 349/354/26 389/393/26 390/394/26 342/395/26
f 366/370/26 386/396/26 389/397/26 349/372/26
f 342/395/26 390/394/26 385/398/26 344/347/26
f 365/369/26 388/399/26 386/396/26 366/370/26
f 367/373/26 383/400/26 387/401/26 368/374/26
f 356/354/26 357/354/26 385/354/26 394/354/26
f 368/374/26 387/401/26 388/402/26 365/376/26
f 356/354/26 394/354/26 375/354/26
f 389/393/26 392/388/26 398/383/26 390/394/26
f 386/396/26 395/382/26 392/385/26 389/397/26
f 390/394/26 398/383/26 394/384/26 385/398/26
f 388/399/26 397/381/26 395/382/26 386/396/26
f 383/400/26 391/362/26 396/335/26 387/401/26
f 387/401/26 396/335/26 397/338/26 388/402/26
f 377/387/26 341/386/26 343/380/26 393/379/26
f 380/391/26 381/390/26 384/355/26 399/378/26
f 354/354/26 380/354/26 399/354/26 400/354/26
f 381/390/26 377/392/26 393/356/26 384/355/26
o Stair
v -12.728620 6.107090 35.617794
v -12.728620 6.258621 35.617794
v -12.728620 6.107090 34.617794
v -12.728620 6.258621 34.617794
v -9.128619 6.107090 35.617794
v -9.128619 6.258621 35.617794
v -9.128619 6.107090 34.617794
v -9.128619 6.258621 34.617794
v -12.728620 6.258621 33.617794
v -9.128619 6.258621 33.617794
v -12.728620 6.558621 34.617794
v -9.128619 6.558621 34.617794
v -12.728620 6.558621 33.617794
v -9.128619 6.558621 33.617794
v -12.728620 6.558621 32.617794
v -9.128619 6.558621 32.617794
v -12.728620 6.858621 33.617794
v -9.128619 6.858621 33.617794
v -12.728620 6.858621 32.617794
v -9.128619 6.858621 32.617794
v -12.728620 6.858621 31.617794
v -9.128619 6.858621 31.617794
v -12.728620 7.158621 32.617794
v -9.128619 7.158621 32.617794
v -12.728620 7.158621 31.617794
v -9.128619 7.158621 31.617794
v -12.728620 7.158621 30.617794
v -9.128619 7.158621 30.617794
v -12.728620 7.458621 31.617794
v -9.128619 7.458621 31.617794
v -12.728620 7.458621 30.617794
v -9.128619 7.458621 30.617794
v -12.728620 7.458621 29.617794
v -9.128619 7.458621 29.617794
v -12.728620 7.758621 30.617794
v -9.128619 7.758621 30.617794
v -12.728620 7.758621 29.617794
v -9.128619 7.758621 29.617794
v -12.728620 7.758621 28.617794
v -9.128619 7.758621 28.617794
v -12.728620 8.058620 29.617794
v -9.128619 8.058620 29.617794
v -12.728620 8.058620 28.617794
v -9.128619 8.058620 28.617794
v -12.728620 8.058620 27.617794
v -9.128619 8.058620 27.617794
v -12.728620 8.358621 28.617794
v -9.128619 8.358621 28.617794
v -12.728620 8.358621 27.617794
v -9.128619 8.358621 27.617794
v -12.728620 8.358621 26.617794
v -9.128619 8.358621 26.617794
v -12.728620 8.658621 27.617794
v -9.128619 8.658621 27.617794
v -12.728620 8.658621 26.617794
v -9.128619 8.658621 26.617794
v -12.728620 8.658621 25.617794
v -9.128619 8.658621 25.617794
v -12.728620 8.958621 26.617794
v -9.128619 8.958621 26.617794
v -12.728620 8.958621 25.617794
v -9.128619 8.958621 25.617794
v -12.728620 8.958621 24.617794
v -9.128619 8.958621 24.617794
v -12.728620 9.258621 25.617794
v -9.128619 9.258621 25.617794
v -12.728620 9.258621 24.617794
v -9.128619 9.258621 24.617794
v -12.728620 9.258621 23.617794
v -9.128619 9.258621 23.617794
v -12.728620 9.558620 24.617794
v -9.128619 9.558620 24.617794
v -12.728620 9.558620 23.617794
v -9.128619 9.558620 23.617794
v -12.728620 9.258621 20.107620
v -9.128619 9.258621 20.107620
v -12.728620 9.558620 20.107620
v -9.128619 9.558620 20.107620
v -3.437393 9.258621 23.617794
v -3.437393 9.558620 23.617794
v -3.437393 9.258621 20.107620
v -3.437393 9.558620 20.107620
v 0.167148 9.258621 23.617794
v 0.167148 9.558620 23.617794
v 0.167148 9.258621 20.107620
v 0.167148 9.558620 20.107620
v -3.437393 9.558620 24.617794
v 0.167148 9.558620 24.617794
v -3.437393 9.858621 23.617794
v 0.167148 9.858621 23.617794
v -3.437393 9.858621 24.617794
v 0.167148 9.858621 24.617794
v -3.437393 9.858621 25.617794
v 0.167148 9.858621 25.617794
v -3.437393 10.158621 24.617794
v 0.167148 10.158621 24.617794
v -3.437393 10.158621 25.617794
v 0.167148 10.158621 25.617794
v -3.437393 10.158621 26.617794
v 0.167148 10.158621 26.617794
v -3.437393 10.458621 25.617794
v 0.167148 10.458621 25.617794
v -3.437393 10.458621 26.617794
v 0.167148 10.458621 26.617794
v -3.437393 10.458621 27.617794
v 0.167148 10.458621 27.617794
v -3.433369 10.465757 26.616909
v 0.171171 10.465757 26.616909
v -3.433369 10.465757 27.616909
v 0.171171 10.465757 27.616909
v -3.433369 10.765759 26.616909
v 0.171171 10.765759 26.616909
v -3.433369 10.765759 27.616909
v 0.171171 10.765759 27.616909
v -3.433369 10.765759 28.616909
v 0.171171 10.765759 28.616909
v -3.433369 11.065758 27.616909
v 0.171171 11.065758 27.616909
v -3.433369 11.065758 28.616909
v 0.171171 11.065758 28.616909
v -3.433369 11.065758 29.616909
v 0.171171 11.065758 29.616909
v -3.433369 11.365758 28.616909
v 0.171171 11.365758 28.616909
v -3.433369 11.365758 29.616909
v 0.171171 11.365758 29.616909
v -3.433369 11.365758 30.616909
v 0.171171 11.365758 30.616909
v -3.433369 11.665758 29.616909
v 0.171171 11.665758 29.616909
v -3.433369 11.665758 30.616909
v 0.171171 11.665758 30.616909
v -3.433369 11.665758 31.616909
v 0.171171 11.665758 31.616909
v -3.433369 11.965757 30.616909
v 0.171171 11.965757 30.616909
v -3.433369 11.965757 31.616909
v 0.171171 11.965757 31.616909
v -3.433369 11.965757 32.616909
v 0.171171 11.965757 32.616909
v -3.433369 12.265759 31.616909
v 0.171171 12.265759 31.616909
v -3.433369 12.265759 32.616909
v 0.171171 12.265759 32.616909
v -3.433369 12.265759 33.616909
v 0.171171 12.265759 33.616909
v -3.433369 12.565758 32.616909
v 0.171171 12.565758 32.616909
v -3.433369 12.565758 33.616909
v 0.171171 12.565758 33.616909
v -3.433369 12.565758 34.616909
v 0.171171 12.565758 34.616909
v -3.433369 12.865758 33.616909
v 0.171171 12.865758 33.616909
v -3.433369 12.865758 34.616909
v 0.171171 12.865758 34.616909
v -3.433369 12.565758 35.616909
v 0.171171 12.565758 35.616909
v -3.433369 12.865758 35.616909
v 0.171171 12.865758 35.616909
vn -1.0000 -0.0000 -0.0000
vn -0.0000 -0.0000 1.0000
vn 1.0000 -0.0000 -0.0000
vn -0.0000 -1.0000 -0.0000
vn -0.0000 1.0000 -0.0000
vn -0.0000 -0.9887 -0.1498
vn -0.0000 -0.9578 -0.2873
vn -0.0000 -0.0000 -1.0000
vn -0.0000 -0.9578 0.2873
vn -0.8711 0.4911 -0.0000
vn -0.0000 0.1230 0.9924
vn -0.0000 -0.1230 -0.9924
vn 0.8711 -0.4911 -0.0000
vt 0.375000 0.000000
vt 0.625000 0.000000
vt 0.625000 0.250000
vt 0.375000 0.250000
vt 0.875000 0.500000
vt 0.625000 0.500000
vt 0.375000 0.500000
vt 0.625000 0.750000
vt 0.375000 0.750000
vt 0.625000 1.000000
vt 0.375000 1.000000
vt 0.125000 0.500000
vt 0.125000 0.750000
vt 0.875000 0.750000
s 0
f 401/403/27 402/404/27 404/405/27 403/406/27
f 404/407/28 408/408/28 412/408/28 411/407/28
f 407/409/29 408/408/29 406/410/29 405/411/29
f 405/411/28 406/410/28 402/412/28 401/413/28
f 403/414/30 407/409/30 405/411/30 401/415/30
f 408/408/31 404/407/31 402/416/31 406/410/31
f 403/406/27 404/405/27 409/406/27
f 408/408/29 407/409/29 410/408/29
f 407/409/32 403/414/32 409/414/32 410/409/32
f 411/407/31 412/408/31 414/408/31 413/407/31
f 408/408/29 410/408/29 414/408/29 412/408/29
f 409/405/27 413/405/27 415/405/27
f 409/405/27 404/405/27 411/405/27 413/405/27
f 410/408/33 409/405/33 415/405/33 416/408/33
f 414/408/29 416/408/29 420/408/29 418/408/29
f 414/408/29 410/408/29 416/408/29
f 417/407/31 418/408/31 420/408/31 419/407/31
f 419/407/28 420/408/28 424/408/28 423/407/28
f 413/407/28 414/408/28 418/408/28 417/407/28
f 415/405/27 413/405/27 417/405/27 419/405/27
f 415/405/27 419/405/27 421/405/27
f 416/408/33 415/405/33 421/405/33 422/408/33
f 420/408/29 416/408/29 422/408/29
f 423/407/31 424/408/31 426/408/31 425/407/31
f 420/408/29 422/408/29 426/408/29 424/408/29
f 421/405/27 419/405/27 423/405/27 425/405/27
f 421/405/27 425/405/27 427/405/27
f 428/408/33 427/405/33 433/405/33 434/408/33
f 426/408/29 422/408/29 428/408/29
f 422/408/33 421/405/33 427/405/33 428/408/33
f 429/407/31 430/408/31 432/408/31 431/407/31
f 426/408/29 428/408/29 432/408/29 430/408/29
f 425/407/28 426/408/28 430/408/28 429/407/28
f 427/405/27 425/405/27 429/405/27 431/405/27
f 427/405/27 431/405/27 433/405/27
f 432/408/29 428/408/29 434/408/29
f 432/408/29 434/408/29 438/408/29 436/408/29
f 435/407/31 436/408/31 438/408/31 437/407/31
f 437/407/28 438/408/28 442/408/28 441/407/28
f 433/405/27 431/405/27 435/405/27 437/405/27
f 431/407/28 432/408/28 436/408/28 435/407/28
f 433/405/27 437/405/27 439/405/27
f 434/408/33 433/405/33 439/405/33 440/408/33
f 438/408/29 434/408/29 440/408/29
f 441/407/31 442/408/31 444/408/31 443/407/31
f 438/408/29 440/408/29 444/408/29 442/408/29
f 439/405/27 437/405/27 441/405/27 443/405/27
f 439/405/27 443/405/27 445/405/27
f 444/408/29 446/408/29 450/408/29 448/408/29
f 444/408/29 440/408/29 446/408/29
f 440/408/33 439/405/33 445/405/33 446/408/33
f 447/407/31 448/408/31 450/408/31 449/407/31
f 443/407/28 444/408/28 448/408/28 447/407/28
f 445/405/27 443/405/27 447/405/27 449/405/27
f 445/405/27 449/405/27 451/405/27
f 452/408/33 451/405/33 457/405/33 458/408/33
f 446/408/33 445/405/33 451/405/33 452/408/33
f 450/408/29 446/408/29 452/408/29
f 453/407/31 454/408/31 456/408/31 455/407/31
f 450/408/29 452/408/29 456/408/29 454/408/29
f 449/407/28 450/408/28 454/408/28 453/407/28
f 451/405/27 449/405/27 453/405/27 455/405/27
f 451/405/27 455/405/27 457/405/27
f 456/408/29 452/408/29 458/408/29
f 456/408/29 458/408/29 462/408/29 460/408/29
f 459/407/31 460/408/31 462/408/31 461/407/31
f 463/405/27 461/405/27 465/405/27 467/405/27
f 457/405/27 455/405/27 459/405/27 461/405/27
f 455/407/28 456/408/28 460/408/28 459/407/28
f 457/405/27 461/405/27 463/405/27
f 458/408/33 457/405/33 463/405/33 464/408/33
f 462/408/29 458/408/29 464/408/29
f 465/407/31 466/408/31 468/408/31 467/407/31
f 468/408/29 464/408/29 470/408/29
f 461/407/28 462/408/28 466/408/28 465/407/28
f 462/408/29 464/408/29 468/408/29 466/408/29
f 464/408/33 463/405/33 469/405/33 470/408/33
f 463/405/27 467/405/27 469/405/27
f 469/405/27 467/405/27 471/405/27 473/405/27
f 471/407/31 472/408/31 474/408/31 473/407/31
f 468/408/29 470/408/29 474/408/29 472/408/29
f 473/407/31 474/408/31 478/408/31 477/407/31
f 467/407/28 468/408/28 472/408/28 471/407/28
f 476/408/34 475/405/34 477/405/34 478/408/34
f 478/408/31 474/408/31 480/408/31 482/408/31
f 470/408/30 469/405/30 475/405/30 476/408/30
f 469/405/27 473/405/27 477/405/27 475/405/27
f 482/408/31 480/408/31 484/408/31 486/408/31
f 474/408/28 470/408/28 479/408/28 480/408/28
f 476/408/34 478/408/34 482/408/34 481/408/34
f 470/408/30 476/408/30 481/408/30 479/408/30
f 484/408/29 483/408/29 485/408/29 486/408/29
f 483/408/29 484/408/29 488/408/29
f 479/408/30 481/408/30 485/408/30 483/408/30
f 481/408/34 482/408/34 486/408/34 485/408/34
f 480/408/27 479/408/27 487/408/27
f 479/408/35 483/408/35 488/408/35 487/408/35
f 488/408/29 484/408/29 490/408/29 492/408/29
f 490/408/31 489/408/31 491/408/31 492/408/31
f 491/408/27 487/408/27 493/408/27
f 484/408/34 480/408/34 489/408/34 490/408/34
f 480/408/27 487/408/27 491/408/27 489/408/27
f 487/408/35 488/408/35 494/408/35 493/408/35
f 488/408/29 492/408/29 494/408/29
f 492/408/34 491/408/34 495/408/34 496/408/34
f 496/408/31 495/408/31 497/408/31 498/408/31
f 494/408/29 492/408/29 496/408/29 498/408/29
f 491/408/27 493/408/27 497/408/27 495/408/27
f 497/408/27 493/408/27 499/408/27
f 497/408/27 499/408/27 503/408/27 501/408/27
f 494/408/29 498/408/29 500/408/29
f 493/408/35 494/408/35 500/408/35 499/408/35
f 502/408/31 501/408/31 503/408/31 504/408/31
f 500/408/29 504/408/29 506/408/29
f 500/408/29 498/408/29 502/408/29 504/408/29
f 498/408/34 497/408/34 501/408/34 502/408/34
f 499/408/35 500/408/35 506/408/35 505/408/35
f 503/408/27 499/408/27 505/408/27
f 503/408/36 505/408/36 509/408/36 507/408/36
f 507/408/27 509/408/27 513/408/27 511/408/27
f 505/408/37 506/408/37 510/408/37 509/408/37
f 504/408/38 503/408/38 507/408/38 508/408/38
f 506/408/39 504/408/39 508/408/39 510/408/39
f 512/408/31 511/408/31 513/408/31 514/408/31
f 510/408/29 514/408/29 516/408/29
f 510/408/29 508/408/29 512/408/29 514/408/29
f 508/408/34 507/408/34 511/408/34 512/408/34
f 509/408/35 510/408/35 516/408/35 515/408/35
f 513/408/27 509/408/27 515/408/27
f 513/408/27 515/408/27 519/408/27 517/408/27
f 518/408/31 517/408/31 519/408/31 520/408/31
f 520/408/34 519/408/34 523/408/34 524/408/34
f 514/408/34 513/408/34 517/408/34 518/408/34
f 516/408/29 514/408/29 518/408/29 520/408/29
f 516/408/29 520/408/29 522/408/29
f 515/408/35 516/408/35 522/408/35 521/408/35
f 519/408/27 515/408/27 521/408/27
f 524/408/31 523/408/31 525/408/31 526/408/31
f 519/408/27 521/408/27 525/408/27 523/408/27
f 522/408/29 520/408/29 524/408/29 526/408/29
f 522/408/29 526/408/29 528/408/29
f 525/408/27 527/408/27 531/408/27 529/408/27
f 525/408/27 521/408/27 527/408/27
f 521/408/35 522/408/35 528/408/35 527/408/35
f 530/408/31 529/408/31 531/408/31 532/408/31
f 526/408/34 525/408/34 529/408/34 530/408/34
f 528/408/29 526/408/29 530/408/29 532/408/29
f 528/408/29 532/408/29 534/408/29
f 533/408/35 534/408/35 540/408/35 539/408/35
f 527/408/35 528/408/35 534/408/35 533/408/35
f 531/408/27 527/408/27 533/408/27
f 536/408/31 535/408/31 537/408/31 538/408/31
f 531/408/27 533/408/27 537/408/27 535/408/27
f 532/408/34 531/408/34 535/408/34 536/408/34
f 534/408/29 532/408/29 536/408/29 538/408/29
f 534/408/29 538/408/29 540/408/29
f 537/408/27 533/408/27 539/408/27
f 537/408/27 539/408/27 543/408/27 541/408/27
f 542/408/31 541/408/31 543/408/31 544/408/31
f 545/408/35 546/408/35 552/408/35 551/408/35
f 540/408/29 538/408/29 542/408/29 544/408/29
f 538/408/34 537/408/34 541/408/34 542/408/34
f 540/408/29 544/408/29 546/408/29
f 539/408/35 540/408/35 546/408/35 545/408/35
f 543/408/27 539/408/27 545/408/27
f 548/408/31 547/408/31 549/408/31 550/408/31
f 544/408/34 543/408/34 547/408/34 548/408/34
f 543/408/27 545/408/27 549/408/27 547/408/27
f 546/408/29 544/408/29 548/408/29 550/408/29
f 546/408/29 550/408/29 552/408/29
f 549/408/27 545/408/27 551/408/27
f 549/408/27 551/408/27 555/408/27 553/408/27
f 554/408/31 553/408/31 555/408/31 556/408/31
f 552/408/29 556/408/29 560/408/29 558/408/29
f 552/408/29 550/408/29 554/408/29 556/408/29
f 550/408/34 549/408/34 553/408/34 554/408/34
f 557/408/28 558/408/28 560/408/28 559/408/28
f 551/408/30 552/408/30 558/408/30 557/408/30
f 555/408/27 551/408/27 557/408/27 559/408/27
f 556/408/31 555/408/31 559/408/31 560/408/31
o StairRail
v -3.196799 12.692049 35.393009
v -3.196799 14.433004 35.393009
v -3.172379 12.692049 35.403126
v -3.172379 14.433004 35.403126
v -3.162265 12.692049 35.427544
v -3.162265 14.433004 35.427544
v -3.172379 12.692049 35.451962
v -3.172379 14.433004 35.451962
v -3.196799 12.692049 35.462078
v -3.196799 14.433004 35.462078
v -3.221218 12.692049 35.451962
v -3.221218 14.433004 35.451962
v -3.231333 12.692049 35.427544
v -3.231333 14.433004 35.427544
v -3.221218 12.692049 35.403126
v -3.221218 14.433004 35.403126
v -9.400961 7.107320 36.224430
v -9.400961 7.201741 36.252758
v -9.175607 7.107320 36.224430
v -9.175607 7.201741 36.252758
v -9.400961 10.872744 23.673622
v -9.400961 10.967165 23.701950
v -9.175607 10.872744 23.673622
v -9.175607 10.967165 23.701950
v -9.400961 10.872744 23.598946
v -9.400961 10.967165 23.598946
v -9.175607 10.872744 23.598946
v -9.175607 10.967165 23.598946
v -9.400961 10.872744 23.314651
v -9.400961 10.967165 23.314651
v -9.175607 10.872744 23.314651
v -9.175607 10.967165 23.314651
v -3.305594 10.966372 23.595638
v -3.305594 10.871952 23.595638
v -3.305594 10.966372 23.315493
v -3.305594 10.871951 23.315493
v -3.084520 10.871161 23.592333
v -3.084520 10.965581 23.592331
v -3.084515 14.410549 35.291996
v -3.084515 14.504971 35.263668
v -3.309870 14.410549 35.291996
v -3.309870 14.504971 35.263668
v -3.084515 14.410549 35.366673
v -3.084515 14.504970 35.366673
v -3.309870 14.410549 35.366673
v -3.309870 14.504970 35.366673
v -3.084515 14.410549 35.650963
v -3.084515 14.504970 35.650963
v -3.309870 14.410549 35.650963
v -3.309870 14.504970 35.650963
v -9.184163 14.504970 35.366673
v -9.184163 14.410549 35.366673
v -9.184163 14.504971 35.650967
v -9.184163 14.410549 35.650967
v -3.084520 10.871158 23.316334
v -3.084520 10.965579 23.316334
v -9.284529 6.082010 36.153847
v -9.284529 7.151546 36.153847
v -9.260109 6.082010 36.163963
v -9.260109 7.151546 36.163963
v -9.249994 6.082010 36.188381
v -9.249994 7.151546 36.188381
v -9.260109 6.082010 36.212803
v -9.260109 7.151546 36.212803
v -9.284529 6.082010 36.222916
v -9.284529 7.151546 36.222916
v -9.308948 6.082010 36.212803
v -9.308948 7.151546 36.212803
v -9.319063 6.082010 36.188381
v -9.319063 7.151546 36.188381
v -9.308948 6.082010 36.163963
v -9.308948 7.151546 36.163963
v -9.284529 6.541317 34.061359
v -9.284529 7.763284 34.061359
v -9.260109 6.541317 34.071472
v -9.260109 7.763284 34.071472
v -9.249994 6.541317 34.095894
v -9.249994 7.763284 34.095894
v -9.260109 6.541317 34.120312
v -9.260109 7.763284 34.120312
v -9.284529 6.541317 34.130424
v -9.284529 7.763284 34.130424
v -9.308948 6.541317 34.120312
v -9.308948 7.763284 34.120312
v -9.319063 6.541317 34.095894
v -9.319063 7.763284 34.095894
v -9.308948 6.541317 34.071472
v -9.308948 7.763284 34.071472
v -9.284529 7.119156 31.951067
v -9.284529 8.399610 31.951067
v -9.260109 7.119156 31.961182
v -9.260109 8.399610 31.961182
v -9.249994 7.119156 31.985601
v -9.249994 8.399610 31.985601
v -9.260109 7.119156 32.010021
v -9.260109 8.399610 32.010021
v -9.284529 7.119156 32.020134
v -9.284529 8.399610 32.020134
v -9.308948 7.119156 32.010021
v -9.308948 8.399610 32.010021
v -9.319063 7.119156 31.985601
v -9.319063 8.399610 31.985601
v -9.308948 7.119156 31.961182
v -9.308948 8.399610 31.961182
v -9.284529 7.686753 30.070593
v -9.284529 8.967207 30.070593
v -9.260109 7.686753 30.080708
v -9.260109 8.967207 30.080708
v -9.249994 7.686753 30.105127
v -9.249994 8.967207 30.105127
v -9.260109 7.686753 30.129547
v -9.260109 8.967207 30.129547
v -9.284529 7.686753 30.139662
v -9.284529 8.967207 30.139662
v -9.308948 7.686753 30.129547
v -9.308948 8.967207 30.129547
v -9.319063 7.686753 30.105127
v -9.319063 8.967207 30.105127
v -9.308948 7.686753 30.080708
v -9.308948 8.967207 30.080708
v -9.284529 8.303706 28.042049
v -9.284529 9.584159 28.042049
v -9.260109 8.303706 28.052166
v -9.260109 9.584159 28.052166
v -9.249994 8.303706 28.076584
v -9.249994 9.584159 28.076584
v -9.260109 8.303706 28.101004
v -9.260109 9.584159 28.101004
v -9.284529 8.303706 28.111118
v -9.284529 9.584159 28.111118
v -9.308948 8.303706 28.101004
v -9.308948 9.584159 28.101004
v -9.319063 8.303706 28.076584
v -9.319063 9.584159 28.076584
v -9.308948 8.303706 28.052166
v -9.308948 9.584159 28.052166
v -9.284529 8.930531 25.998703
v -9.284529 10.210983 25.998703
v -9.260109 8.930531 26.008820
v -9.260109 10.210983 26.008820
v -9.249994 8.930531 26.033237
v -9.249994 10.210983 26.033237
v -9.260109 8.930531 26.057655
v -9.260109 10.210983 26.057655
v -9.284529 8.930531 26.067772
v -9.284529 10.210983 26.067772
v -9.308948 8.930531 26.057655
v -9.308948 10.210983 26.057655
v -9.319063 8.930531 26.033237
v -9.319063 10.210983 26.033237
v -9.308948 8.930531 26.008820
v -9.308948 10.210983 26.008820
v -9.284529 9.510960 24.091576
v -9.284529 10.791412 24.091576
v -9.260109 9.510960 24.101692
v -9.260109 10.791412 24.101692
v -9.249994 9.510960 24.126110
v -9.249994 10.791412 24.126110
v -9.260109 9.510960 24.150528
v -9.260109 10.791412 24.150528
v -9.284529 9.510960 24.160645
v -9.284529 10.791412 24.160645
v -9.308948 9.510960 24.150528
v -9.308948 10.791412 24.150528
v -9.319063 9.510960 24.126110
v -9.319063 10.791412 24.126110
v -9.308948 9.510960 24.101692
v -9.308948 10.791412 24.101692
v -9.284529 9.503362 23.389093
v -9.284529 10.894332 23.389093
v -9.260109 9.503362 23.399208
v -9.260109 10.894332 23.399208
v -9.249994 9.503362 23.423628
v -9.249994 10.894332 23.423628
v -9.260109 9.503362 23.448048
v -9.260109 10.894332 23.448048
v -9.284529 9.503362 23.458162
v -9.284529 10.894332 23.458162
v -9.308948 9.503362 23.448048
v -9.308948 10.894332 23.448048
v -9.319063 9.503362 23.423628
v -9.319063 10.894332 23.423628
v -9.308948 9.503362 23.399208
v -9.308948 10.894332 23.399208
v -3.196799 9.503362 23.389093
v -3.196799 10.894332 23.389093
v -3.172379 9.503362 23.399208
v -3.172379 10.894332 23.399208
v -3.162264 9.503362 23.423628
v -3.162264 10.894332 23.423628
v -3.172379 9.503362 23.448048
v -3.172379 10.894332 23.448048
v -3.196799 9.503362 23.458162
v -3.196799 10.894332 23.458162
v -3.221218 9.503362 23.448048
v -3.221218 10.894332 23.448048
v -3.231333 9.503362 23.423628
v -3.231333 10.894332 23.423628
v -3.221218 9.503362 23.399208
v -3.221218 10.894332 23.399208
v -6.100229 9.503362 23.389093
v -6.100229 10.894332 23.389093
v -6.075809 9.503362 23.399208
v -6.075809 10.894332 23.399208
v -6.065695 9.503362 23.423628
v -6.065695 10.894332 23.423628
v -6.075809 9.503362 23.448048
v -6.075809 10.894332 23.448048
v -6.100229 9.503362 23.458162
v -6.100229 10.894332 23.458162
v -6.124649 9.503362 23.448048
v -6.124649 10.894332 23.448048
v -6.134763 9.503362 23.423628
v -6.134763 10.894332 23.423628
v -6.124649 9.503362 23.399208
v -6.124649 10.894332 23.399208
v -4.605879 9.503362 23.389093
v -4.605879 10.894332 23.389093
v -4.581460 9.503362 23.399208
v -4.581460 10.894332 23.399208
v -4.571345 9.503362 23.423628
v -4.571345 10.894332 23.423628
v -4.581460 9.503362 23.448048
v -4.581460 10.894332 23.448048
v -4.605879 9.503362 23.458162
v -4.605879 10.894332 23.458162
v -4.630299 9.503362 23.448048
v -4.630299 10.894332 23.448048
v -4.640413 9.503362 23.423628
v -4.640413 10.894332 23.423628
v -4.630299 9.503362 23.399208
v -4.630299 10.894332 23.399208
v -7.852116 9.503362 23.389093
v -7.852116 10.894332 23.389093
v -7.827696 9.503362 23.399208
v -7.827696 10.894332 23.399208
v -7.817581 9.503362 23.423628
v -7.817581 10.894332 23.423628
v -7.827696 9.503362 23.448048
v -7.827696 10.894332 23.448048
v -7.852116 9.503362 23.458162
v -7.852116 10.894332 23.458162
v -7.876535 9.503362 23.448048
v -7.876535 10.894332 23.448048
v -7.886650 9.503362 23.423628
v -7.886650 10.894332 23.423628
v -7.876535 9.503362 23.399208
v -7.876535 10.894332 23.399208
v -3.196799 10.085341 25.093304
v -3.196799 11.372630 25.093304
v -3.172379 10.085341 25.103420
v -3.172379 11.372630 25.103420
v -3.162264 10.085341 25.127838
v -3.162264 11.372630 25.127838
v -3.172379 10.085341 25.152258
v -3.172379 11.372630 25.152258
v -3.196799 10.085341 25.162373
v -3.196799 11.372630 25.162373
v -3.221218 10.085341 25.152258
v -3.221218 11.372630 25.152258
v -3.231333 10.085341 25.127838
v -3.231333 11.372630 25.127838
v -3.221218 10.085341 25.103420
v -3.221218 11.372630 25.103420
v -3.196799 10.697749 27.073793
v -3.196799 11.985038 27.073793
v -3.172379 10.697749 27.083908
v -3.172379 11.985038 27.083908
v -3.162264 10.697749 27.108328
v -3.162264 11.985038 27.108328
v -3.172379 10.697749 27.132748
v -3.172379 11.985038 27.132748
v -3.196799 10.697749 27.142862
v -3.196799 11.985038 27.142862
v -3.221218 10.697749 27.132748
v -3.221218 11.985038 27.132748
v -3.231333 10.697749 27.108328
v -3.231333 11.985038 27.108328
v -3.221218 10.697749 27.083908
v -3.221218 11.985038 27.083908
v -3.196799 11.303942 29.143225
v -3.196799 12.591230 29.143225
v -3.172379 11.303942 29.153339
v -3.172379 12.591230 29.153339
v -3.162264 11.303942 29.177759
v -3.162264 12.591230 29.177759
v -3.172379 11.303942 29.202179
v -3.172379 12.591230 29.202179
v -3.196799 11.303942 29.212294
v -3.196799 12.591230 29.212294
v -3.221218 11.303942 29.202179
v -3.221218 12.591230 29.202179
v -3.231333 11.303942 29.177759
v -3.231333 12.591230 29.177759
v -3.221218 11.303942 29.153339
v -3.221218 12.591230 29.153339
v -3.196799 11.916258 31.090683
v -3.196799 13.203547 31.090683
v -3.172379 11.916258 31.100798
v -3.172379 13.203547 31.100798
v -3.162264 11.916258 31.125217
v -3.162264 13.203547 31.125217
v -3.172379 11.916258 31.149635
v -3.172379 13.203547 31.149635
v -3.196799 11.916258 31.159752
v -3.196799 13.203547 31.159752
v -3.221218 11.916258 31.149635
v -3.221218 13.203547 31.149635
v -3.231333 11.916258 31.125217
v -3.231333 13.203547 31.125217
v -3.221218 11.916258 31.100798
v -3.221218 13.203547 31.100798
v -3.196799 12.491549 33.112118
v -3.196799 13.778836 33.112118
v -3.172379 12.491549 33.122234
v -3.172379 13.778836 33.122234
v -3.162264 12.491549 33.146652
v -3.162264 13.778836 33.146652
v -3.172379 12.491549 33.171074
v -3.172379 13.778836 33.171074
v -3.196799 12.491549 33.181187
v -3.196799 13.778836 33.181187
v -3.221218 12.491549 33.171074
v -3.221218 13.778836 33.171074
v -3.231333 12.491549 33.146652
v -3.231333 13.778836 33.146652
v -3.221218 12.491549 33.122234
v -3.221218 13.778836 33.122234
vn 0.3827 -0.0000 -0.9239
vn 0.9239 -0.0000 -0.3827
vn 0.9239 -0.0000 0.3827
vn 0.3827 -0.0000 0.9239
vn -0.3827 -0.0000 0.9239
vn -0.9239 -0.0000 0.3827
vn -0.9239 -0.0000 -0.3827
vn -0.3827 -0.0000 -0.9239
vn 1.0000 -0.0000 -0.0000
vn -0.0000 -0.2874 0.9578
vn -0.0000 -0.9578 -0.2874
vn -0.0000 0.9578 0.2874
vn -1.0000 -0.0000 -0.0000
vn -0.0000 -1.0000 -0.0000
vn -0.0000 1.0000 -0.0000
vn 0.0001 -0.0000 -1.0000
vn -0.0000 -0.0000 -1.0000
vn 0.0006 -0.0000 1.0000
vn 0.0001 1.0000 -0.0000
vn -0.0001 -1.0000 -0.0000
vn -1.0000 -0.0001 -0.0004
vn 0.0004 -0.9572 0.2896
vn -0.0005 0.9570 -0.2902
vn -0.0000 -0.0000 1.0000
vn 0.0038 -0.0000 -1.0000
vn -0.0036 -1.0000 -0.0000
vn 0.0036 1.0000 -0.0000
vt 1.000000 0.500000
vt 1.000000 1.000000
vt 0.875000 1.000000
vt 0.875000 0.500000
vt 0.750000 1.000000
vt 0.750000 0.500000
vt 0.625000 1.000000
vt 0.625000 0.500000
vt 0.500000 1.000000
vt 0.500000 0.500000
vt 0.375000 1.000000
vt 0.375000 0.500000
vt 0.250000 1.000000
vt 0.250000 0.500000
vt 0.125000 1.000000
vt 0.125000 0.500000
vt 0.000000 1.000000
vt 0.000000 0.500000
vt 0.375000 0.549739
vt 0.625000 0.549739
vt 0.625000 0.750000
vt 0.375000 0.750000
vt 0.125000 0.549739
vt 0.125000 0.750000
vt 0.875000 0.549739
vt 0.875000 0.750000
vt 0.375000 0.000000
vt 0.625000 0.000000
vt 0.625000 0.200261
vt 0.375000 0.200261
s 0
f 561/417/40 562/418/40 564/419/40 563/420/40
f 563/420/41 564/419/41 566/421/41 565/422/41
f 565/422/42 566/421/42 568/423/42 567/424/42
f 567/424/43 568/423/43 570/425/43 569/426/43
f 569/426/44 570/425/44 572/427/44 571/428/44
f 571/428/45 572/427/45 574/429/45 573/430/45
f 573/430/46 574/429/46 576/431/46 575/432/46
f 575/432/47 576/431/47 562/433/47 561/434/47
f 583/435/48 584/436/48 580/437/48 579/438/48
f 579/438/49 580/437/49 578/423/49 577/427/49
f 581/439/50 583/435/50 579/438/50 577/440/50
f 584/436/51 582/441/51 578/442/51 580/437/51
f 577/443/52 578/444/52 582/445/52 581/446/52
f 581/446/52 582/445/52 586/445/52 585/446/52
f 583/435/53 581/439/53 585/439/53 587/435/53
f 584/436/48 583/435/48 587/435/48 588/436/48
f 582/441/54 584/436/54 588/436/54 586/441/54
f 591/435/55 592/436/55 595/436/55 596/435/55
f 586/441/54 588/436/54 592/436/54 590/441/54
f 585/446/52 586/445/52 590/445/52 589/446/52
f 587/435/53 585/439/53 589/439/53 591/435/53
f 590/445/56 592/436/56 591/435/56 589/446/56
f 593/436/48 594/435/48 596/435/48 595/436/48
f 588/436/57 587/435/57 594/435/57 593/436/57
f 592/436/58 588/436/58 593/436/58 595/436/58
f 587/435/59 591/435/59 596/435/59 594/435/59
f 601/435/60 602/436/60 593/437/60 594/438/60
f 599/439/61 601/435/61 594/438/61 597/440/61
f 602/436/62 600/441/62 598/442/62 593/437/62
f 597/443/48 598/444/48 600/445/48 599/446/48
f 599/446/48 600/445/48 604/445/48 603/446/48
f 601/435/53 599/439/53 603/439/53 605/435/53
f 602/436/52 601/435/52 605/435/52 606/436/52
f 600/441/54 602/436/54 606/436/54 604/441/54
f 609/435/63 610/436/63 613/436/63 614/435/63
f 604/441/54 606/436/54 610/436/54 608/441/54
f 603/446/48 604/445/48 608/445/48 607/446/48
f 605/435/53 603/439/53 607/439/53 609/435/53
f 608/445/63 610/436/63 609/435/63 607/446/63
f 611/436/52 612/435/52 614/435/52 613/436/52
f 606/436/56 605/435/56 612/435/56 611/436/56
f 610/436/54 606/436/54 611/436/54 613/436/54
f 605/435/53 609/435/53 614/435/53 612/435/53
f 596/438/64 595/437/64 616/423/64 615/427/64
f 598/444/48 597/443/48 615/443/48 616/444/48
f 597/440/65 594/438/65 596/438/65 615/440/65
f 593/437/66 598/442/66 616/442/66 595/437/66
f 617/417/40 618/418/40 620/419/40 619/420/40
f 619/420/41 620/419/41 622/421/41 621/422/41
f 621/422/42 622/421/42 624/423/42 623/424/42
f 623/424/43 624/423/43 626/425/43 625/426/43
f 625/426/44 626/425/44 628/427/44 627/428/44
f 627/428/45 628/427/45 630/429/45 629/430/45
f 629/430/46 630/429/46 632/431/46 631/432/46
f 631/432/47 632/431/47 618/433/47 617/434/47
f 633/417/40 634/418/40 636/419/40 635/420/40
f 635/420/41 636/419/41 638/421/41 637/422/41
f 637/422/42 638/421/42 640/423/42 639/424/42
f 639/424/43 640/423/43 642/425/43 641/426/43
f 641/426/44 642/425/44 644/427/44 643/428/44
f 643/428/45 644/427/45 646/429/45 645/430/45
f 645/430/46 646/429/46 648/431/46 647/432/46
f 647/432/47 648/431/47 634/433/47 633/434/47
f 649/417/40 650/418/40 652/419/40 651/420/40
f 651/420/41 652/419/41 654/421/41 653/422/41
f 653/422/42 654/421/42 656/423/42 655/424/42
f 655/424/43 656/423/43 658/425/43 657/426/43
f 657/426/44 658/425/44 660/427/44 659/428/44
f 659/428/45 660/427/45 662/429/45 661/430/45
f 661/430/46 662/429/46 664/431/46 663/432/46
f 663/432/47 664/431/47 650/433/47 649/434/47
f 665/417/40 666/418/40 668/419/40 667/420/40
f 667/420/41 668/419/41 670/421/41 669/422/41
f 669/422/42 670/421/42 672/423/42 671/424/42
f 671/424/43 672/423/43 674/425/43 673/426/43
f 673/426/44 674/425/44 676/427/44 675/428/44
f 675/428/45 676/427/45 678/429/45 677/430/45
f 677/430/46 678/429/46 680/431/46 679/432/46
f 679/432/47 680/431/47 666/433/47 665/434/47
f 681/417/40 682/418/40 684/419/40 683/420/40
f 683/420/41 684/419/41 686/421/41 685/422/41
f 685/422/42 686/421/42 688/423/42 687/424/42
f 687/424/43 688/423/43 690/425/43 689/426/43
f 689/426/44 690/425/44 692/427/44 691/428/44
f 691/428/45 692/427/45 694/429/45 693/430/45
f 693/430/46 694/429/46 696/431/46 695/432/46
f 695/432/47 696/431/47 682/433/47 681/434/47
f 697/417/40 698/418/40 700/419/40 699/420/40
f 699/420/41 700/419/41 702/421/41 701/422/41
f 701/422/42 702/421/42 704/423/42 703/424/42
f 703/424/43 704/423/43 706/425/43 705/426/43
f 705/426/44 706/425/44 708/427/44 707/428/44
f 707/428/45 708/427/45 710/429/45 709/430/45
f 709/430/46 710/429/46 712/431/46 711/432/46
f 711/432/47 712/431/47 698/433/47 697/434/47
f 713/417/40 714/418/40 716/419/40 715/420/40
f 715/420/41 716/419/41 718/421/41 717/422/41
f 717/422/42 718/421/42 720/423/42 719/424/42
f 719/424/43 720/423/43 722/425/43 721/426/43
f 721/426/44 722/425/44 724/427/44 723/428/44
f 723/428/45 724/427/45 726/429/45 725/430/45
f 725/430/46 726/429/46 728/431/46 727/432/46
f 727/432/47 728/431/47 714/433/47 713/434/47
f 729/417/40 730/418/40 732/419/40 731/420/40
f 731/420/41 732/419/41 734/421/41 733/422/41
f 733/422/42 734/421/42 736/423/42 735/424/42
f 735/424/43 736/423/43 738/425/43 737/426/43
f 737/426/44 738/425/44 740/427/44 739/428/44
f 739/428/45 740/427/45 742/429/45 741/430/45
f 741/430/46 742/429/46 744/431/46 743/432/46
f 743/432/47 744/431/47 730/433/47 729/434/47
f 745/417/40 746/418/40 748/419/40 747/420/40
f 747/420/41 748/419/41 750/421/41 749/422/41
f 749/422/42 750/421/42 752/423/42 751/424/42
f 751/424/43 752/423/43 754/425/43 753/426/43
f 753/426/44 754/425/44 756/427/44 755/428/44
f 755/428/45 756/427/45 758/429/45 757/430/45
f 757/430/46 758/429/46 760/431/46 759/432/46
f 759/432/47 760/431/47 746/433/47 745/434/47
f 761/417/40 762/418/40 764/419/40 763/420/40
f 763/420/41 764/419/41 766/421/41 765/422/41
f 765/422/42 766/421/42 768/423/42 767/424/42
f 767/424/43 768/423/43 770/425/43 769/426/43
f 769/426/44 770/425/44 772/427/44 771/428/44
f 771/428/45 772/427/45 774/429/45 773/430/45
f 773/430/46 774/429/46 776/431/46 775/432/46
f 775/432/47 776/431/47 762/433/47 761/434/47
f 777/417/40 778/418/40 780/419/40 779/420/40
f 779/420/41 780/419/41 782/421/41 781/422/41
f 781/422/42 782/421/42 784/423/42 783/424/42
f 783/424/43 784/423/43 786/425/43 785/426/43
f 785/426/44 786/425/44 788/427/44 787/428/44
f 787/428/45 788/427/45 790/429/45 789/430/45
f 789/430/46 790/429/46 792/431/46 791/432/46
f 791/432/47 792/431/47 778/433/47 777/434/47
f 793/417/40 794/418/40 796/419/40 795/420/40
f 795/420/41 796/419/41 798/421/41 797/422/41
f 797/422/42 798/421/42 800/423/42 799/424/42
f 799/424/43 800/423/43 802/425/43 801/426/43
f 801/426/44 802/425/44 804/427/44 803/428/44
f 803/428/45 804/427/45 806/429/45 805/430/45
f 805/430/46 806/429/46 808/431/46 807/432/46
f 807/432/47 808/431/47 794/433/47 793/434/47
f 809/417/40 810/418/40 812/419/40 811/420/40
f 811/420/41 812/419/41 814/421/41 813/422/41
f 813/422/42 814/421/42 816/423/42 815/424/42
f 815/424/43 816/423/43 818/425/43 817/426/43
f 817/426/44 818/425/44 820/427/44 819/428/44
f 819/428/45 820/427/45 822/429/45 821/430/45
f 821/430/46 822/429/46 824/431/46 823/432/46
f 823/432/47 824/431/47 810/433/47 809/434/47
f 825/417/40 826/418/40 828/419/40 827/420/40
f 827/420/41 828/419/41 830/421/41 829/422/41
f 829/422/42 830/421/42 832/423/42 831/424/42
f 831/424/43 832/423/43 834/425/43 833/426/43
f 833/426/44 834/425/44 836/427/44 835/428/44
f 835/428/45 836/427/45 838/429/45 837/430/45
f 837/430/46 838/429/46 840/431/46 839/432/46
f 839/432/47 840/431/47 826/433/47 825/434/47
f 841/417/40 842/418/40 844/419/40 843/420/40
f 843/420/41 844/419/41 846/421/41 845/422/41
f 845/422/42 846/421/42 848/423/42 847/424/42
f 847/424/43 848/423/43 850/425/43 849/426/43
f 849/426/44 850/425/44 852/427/44 851/428/44
f 851/428/45 852/427/45 854/429/45 853/430/45
f 853/430/46 854/429/46 856/431/46 855/432/46
f 855/432/47 856/431/47 842/433/47 841/434/47
f 857/417/40 858/418/40 860/419/40 859/420/40
f 859/420/41 860/419/41 862/421/41 861/422/41
f 861/422/42 862/421/42 864/423/42 863/424/42
f 863/424/43 864/423/43 866/425/43 865/426/43
f 865/426/44 866/425/44 868/427/44 867/428/44
f 867/428/45 868/427/45 870/429/45 869/430/45
f 869/430/46 870/429/46 872/431/46 871/432/46
f 871/432/47 872/431/47 858/433/47 857/434/47
f 873/417/40 874/418/40 876/419/40 875/420/40
f 875/420/41 876/419/41 878/421/41 877/422/41
f 877/422/42 878/421/42 880/423/42 879/424/42
f 879/424/43 880/423/43 882/425/43 881/426/43
f 881/426/44 882/425/44 884/427/44 883/428/44
f 883/428/45 884/427/45 886/429/45 885/430/45
f 885/430/46 886/429/46 888/431/46 887/432/46
f 887/432/47 888/431/47 874/433/47 873/434/47
o Floor2
v 4.880363 13.228350 57.874603
v 4.880363 13.228350 57.431671
v 5.410238 13.228350 57.874603
v 5.410238 13.228350 57.431671
v 5.410238 13.228350 59.890724
v 4.880363 13.228350 59.890724
v 4.880363 13.228350 59.514015
v 5.410238 13.228350 59.514015
v 25.058495 13.228350 59.514015
v 25.058495 13.228350 59.890724
v 25.435205 13.228350 59.890724
v 25.435205 13.228350 59.514015
v 25.058495 13.228350 48.077827
v 25.435205 13.228350 48.077827
v 25.058495 13.228350 47.562485
v 25.435205 13.228350 47.562485
v 27.496572 13.228350 48.077827
v 27.496572 13.228350 47.562485
v 27.903421 13.228350 48.077827
v 27.903421 13.228350 47.562485
v 27.496902 13.228350 41.538815
v 27.903421 13.228350 41.538815
v 27.496902 13.228350 41.023472
v 27.903421 13.228350 41.023472
v 27.496572 13.228350 25.701143
v 27.903421 13.228350 25.701143
v 27.496572 13.228350 25.294294
v 27.903421 13.228350 25.294294
v 9.308628 13.076681 41.079445
v 15.553042 18.733538 41.077766
v 15.555287 13.077984 41.079445
v 15.555287 13.078131 41.573532
v 15.553042 18.733685 41.571854
v 12.273145 13.076828 41.573532
v 12.764985 18.732578 41.571854
v 12.767232 13.077024 41.573532
v 12.270900 18.732380 41.571854
v -12.592563 13.228350 57.874603
v -12.592563 13.228350 57.431671
v -13.067220 13.228350 57.874603
v -13.067220 13.228350 57.431671
v -29.205555 13.228350 57.874603
v -29.205555 13.228350 57.431671
v -29.725418 13.228350 57.874603
v -29.725418 13.228350 57.431671
v -12.592563 13.228350 56.278931
v -13.067220 13.228350 56.278931
v -29.205555 13.228350 41.700180
v -29.725418 13.228350 41.700180
v -29.205555 13.228350 41.270729
v -29.725418 13.228350 41.270729
v -21.707615 13.228350 41.700180
v -21.707615 13.228350 41.270729
v -33.703495 13.228350 41.700180
v -33.703495 13.228350 41.270729
v -34.155548 13.228350 41.700180
v -34.155548 13.228350 41.270729
v -14.578100 13.228350 41.700180
v -14.578100 13.228350 41.270729
v -13.089824 13.228350 41.700180
v -13.089824 13.228350 41.270729
v -12.637771 13.228350 41.700180
v -12.637771 13.228350 41.270729
v -8.501476 13.228350 41.700180
v -8.501476 13.228350 41.270729
v -13.089824 13.228350 50.763870
v -12.637771 13.228350 50.763870
v -13.089824 13.228350 40.502235
v -12.637771 13.228350 40.502235
v 0.478225 13.074953 25.509733
v 0.478225 13.074953 25.820936
v 0.117209 13.074953 25.509733
v 0.117209 13.074953 25.820936
v 0.478225 13.074953 34.236641
v 0.117209 13.074953 34.236641
v 0.478225 13.074953 34.597656
v 0.117209 13.074953 34.597656
v 12.273147 13.074953 34.236641
v 12.273147 13.074953 34.597656
v 0.478225 13.074953 20.125895
v 0.117209 13.074953 20.125895
v 0.478225 13.074953 19.874754
v 0.117209 13.074953 19.874754
v -12.738080 13.074953 20.125895
v -12.738080 13.074953 19.874754
v -13.020614 13.074953 20.125895
v -13.020614 13.074953 19.874754
v -12.738080 13.074953 21.161852
v -13.020614 13.074953 21.161852
v -12.738080 13.074953 21.522867
v -13.020614 13.074953 21.522867
v -12.738080 13.074953 35.739967
v -13.020614 13.074953 35.739967
v -33.743477 13.228350 37.932117
v -34.195530 13.228350 37.932117
v -33.992706 13.074953 21.191467
v -33.785156 13.074953 21.516434
v 4.878118 18.883904 57.872925
v 4.878118 18.883904 57.429993
v 5.407993 18.883904 57.429993
v 5.407993 18.883904 57.872925
v 5.407993 18.883904 59.889046
v 4.878118 18.883904 59.889046
v 5.407993 18.883904 59.512337
v 4.878118 18.883904 59.512337
v 25.056250 18.883904 59.889046
v 25.056250 18.883904 59.512337
v 25.432961 18.883904 59.889046
v 25.432961 18.883904 59.512337
v 25.056250 18.883904 48.076149
v 25.432961 18.883904 48.076149
v 25.056250 18.883904 47.560806
v 25.432961 18.883904 47.560806
v 27.494328 18.883904 47.560806
v 27.494328 18.883904 48.076149
v 27.901176 18.883904 47.560806
v 27.901176 18.883904 48.076149
v 27.493998 18.883904 41.537136
v 27.901176 18.883904 41.537136
v 27.493998 18.883904 41.021793
v 27.901176 18.883904 41.021793
v 27.494328 18.883904 25.699465
v 27.901176 18.883904 25.699465
v 27.494328 18.883904 25.292616
v 27.901176 18.883904 25.292616
v 9.306383 18.732235 41.077766
v 9.306383 18.732380 41.571854
v 9.308628 13.076828 41.573532
v 12.270900 18.732235 41.077766
v 12.767232 13.076878 41.079445
v 12.764985 18.732430 41.077766
v 12.273145 13.076681 41.079445
v 12.764987 18.730701 34.595978
v 12.764987 18.730701 34.234962
v 12.767232 13.075149 34.597656
v 12.767232 13.075149 34.236641
v -12.594809 18.883904 57.872925
v -12.594809 18.883904 57.429993
v -13.069466 18.883904 57.872925
v -13.069466 18.883904 57.429993
v -29.207800 18.883904 57.872925
v -29.207800 18.883904 57.429993
v -29.727663 18.883904 57.872925
v -29.727663 18.883904 57.429993
v -13.069466 18.883904 56.277252
v -12.594809 18.883904 56.277252
v -29.207800 18.883904 41.698502
v -29.727663 18.883904 41.698502
v -29.207800 18.883904 41.269051
v -29.727663 18.883904 41.269051
v -21.709860 18.883904 41.269051
v -21.709860 18.883904 41.698502
v -33.705738 18.883904 41.698502
v -33.705738 18.883904 41.269051
v -34.157791 18.883904 41.698502
v -34.157791 18.883904 41.269051
v -14.580345 18.883904 41.269051
v -14.580345 18.883904 41.698502
v -13.092070 18.883904 41.269051
v -13.092070 18.883904 41.698502
v -12.640017 18.883904 41.269051
v -12.640017 18.883904 41.698502
v -8.503721 18.883904 41.269051
v -8.503721 18.883904 41.698502
v -12.640017 18.883904 50.762192
v -13.092070 18.883904 50.762192
v -12.640017 18.883904 40.500557
v -13.092070 18.883904 40.500557
v 0.475979 18.730507 25.508055
v 0.475979 18.730507 25.819258
v 0.114964 18.730507 25.508055
v 0.114964 18.730507 25.819258
v 0.475979 18.730507 34.234962
v 0.114964 18.730507 34.234962
v 0.475979 18.730507 34.595978
v 0.114964 18.730507 34.595978
v 12.270900 18.730507 34.234962
v 12.270900 18.730507 34.595978
v 0.475979 18.730507 20.124216
v 0.114964 18.730507 20.124216
v 0.475979 18.730507 19.873075
v 0.114964 18.730507 19.873075
v -12.740326 18.730507 19.873075
v -12.740326 18.730507 20.124216
v -13.022860 18.730507 19.873075
v -13.022860 18.730507 20.124216
v -13.022860 18.730507 21.160173
v -12.740326 18.730507 21.160173
v -13.022860 18.730507 21.521189
v -12.740326 18.730507 21.521189
v -13.022860 18.730507 35.738289
v -12.740326 18.730507 35.738289
v -33.745720 18.883904 37.930439
v -34.197773 18.883904 37.930439
v -33.787399 18.730507 21.514755
v -33.994949 18.730507 21.189789
v 23.676878 13.228350 41.538815
v 23.676878 13.228350 41.023472
v 23.673973 18.883904 41.537136
v 23.673973 18.883904 41.021793
v 6.686742 13.074953 34.236641
v 9.560836 13.074953 34.236641
v 6.686742 13.074953 34.597656
v 9.560836 13.074953 34.597656
v 6.683307 18.730507 34.234962
v 9.557399 18.730507 34.234962
v 6.683307 18.730507 34.595978
v 9.557399 18.730507 34.595978
v 4.782787 13.223492 41.646286
v 5.312663 13.223492 41.646286
v 4.780541 18.879044 41.644608
v 5.310417 18.879044 41.644608
v 4.782787 13.223303 41.011032
v 5.312663 13.223303 41.011032
v 4.780541 18.878855 41.009354
v 5.310417 18.878855 41.009354
v 6.933843 18.879688 41.644604
v 6.936089 13.224136 41.646282
v 6.933843 18.879499 41.009350
v 6.936089 13.223948 41.011028
v 3.159361 13.222847 41.646286
v 3.157116 18.878399 41.644608
v 3.159361 13.222658 41.011032
v 3.157116 18.878210 41.009354
v 4.878118 18.882282 56.393375
v 4.780541 18.880665 50.719841
v 4.782787 13.225111 50.721519
v 4.880363 13.226730 56.395054
v 5.410238 13.226730 56.395054
v 5.312663 13.225111 50.721519
v 5.310417 18.880663 50.719841
v 5.407993 18.882282 56.393375
v -12.637771 13.228350 45.681427
v -13.089824 13.228350 45.681427
v -12.640017 18.883904 45.679749
v -13.092070 18.883904 45.679749
v -12.637771 13.228350 46.123257
v -12.640017 18.883904 46.121578
v -13.089824 13.228350 46.123257
v -13.092070 18.883904 46.121578
v 4.780541 18.879852 46.121578
v 5.312663 13.224301 46.123257
v 4.782787 13.224301 46.123257
v 5.310417 18.879852 46.121578
v 4.780541 18.879761 45.668533
v 5.312663 13.224210 45.670212
v 4.782787 13.224210 45.670212
v 5.310417 18.879761 45.668533
vn -1.0000 -0.0004 -0.0000
vn 1.0000 0.0004 -0.0000
vn -0.0000 0.0003 1.0000
vn 1.0000 0.0004 -0.0025
vn -0.0000 -0.0003 -1.0000
vn 0.9999 0.0004 -0.0120
vn -0.9999 -0.0004 0.0120
vn -1.0000 -0.0005 -0.0000
vn -0.0014 -0.0003 -1.0000
vn -0.0003 0.0003 1.0000
vn -0.9999 -0.0004 -0.0121
vn 0.0044 0.0003 1.0000
vn -1.0000 -0.0006 -0.0000
vn 1.0000 0.0006 -0.0000
vn -0.0080 -0.0003 -1.0000
vn -0.0006 -0.0003 -1.0000
vt 0.156917 0.426711
vt 0.154207 0.423160
vt 0.823638 0.521834
vt 0.821975 0.524577
vt 0.190631 0.529672
vt 0.195061 0.529502
vt 0.607153 0.287168
vt 0.930877 0.268350
vt 0.210659 0.548142
vt 0.000000 0.000000
vt 0.192547 0.531879
vt 0.928169 0.273377
vt 0.606822 0.291925
vt 0.598437 0.292409
vt 0.598708 0.287659
vt 0.544824 0.608442
vt 0.544863 0.609298
vt 0.196955 0.531710
vt 0.160556 0.422854
vt 0.361342 0.413175
vt 0.541909 0.609388
vt 0.362695 0.416860
vt 0.163225 0.426409
vt 0.234202 0.527997
vt 0.206417 0.548297
vt 0.403246 0.527920
vt 0.401760 0.523880
vt 0.856101 0.468297
vt 0.235899 0.530221
vt 0.406336 0.523705
vt 0.407780 0.527748
vt 0.819349 0.521993
vt 0.851270 0.468498
vt 0.543944 0.589018
vt 0.367358 0.412886
vt 0.541863 0.608532
vt 0.540818 0.589119
vt 0.557420 0.553308
vt 0.391230 0.495245
vt 0.380790 0.466854
vt 0.391230 0.495245
vt 0.258371 0.529362
vt 0.241008 0.530026
vt 0.415301 0.549954
vt 0.435706 0.606955
vt 0.853362 0.464992
vt 0.858229 0.464788
vt 0.433401 0.607026
vt 0.412623 0.550050
vt 0.239337 0.527800
vt 0.256788 0.527129
vt 0.592175 0.402049
vt 0.396927 0.497349
vt 0.405518 0.521413
vt 0.396927 0.497349
vt 0.385961 0.466630
vt 0.552397 0.553484
vt 0.599169 0.401711
vt 0.547428 0.555308
vt 0.542425 0.555483
vt 0.557432 0.554957
vt 0.448381 0.522098
vt 0.937233 0.267980
vt 0.934476 0.273014
vt 0.540754 0.587930
vt 0.308310 0.527453
vt 0.306983 0.525200
vt 0.437406 0.611703
vt 0.783650 0.581819
vt 0.817713 0.524734
vt 0.437707 0.612544
vt 0.372005 0.425943
vt 0.366132 0.426219
vt 0.787336 0.581701
vt 0.435438 0.612612
vt 0.435132 0.611773
vt 0.400918 0.521589
vt 0.368671 0.416574
vt 0.828762 0.466019
vt 0.786358 0.583314
vt 0.782688 0.583431
vt 0.824278 0.466207
vt 0.539013 0.555602
vt 0.543890 0.587829
vt 0.826850 0.469511
vt 0.822398 0.469695
vt 0.265809 0.613318
vt 0.433853 0.608265
vt 0.538925 0.553958
vt 0.542351 0.553837
vt 0.436150 0.608195
vt 0.598901 0.405553
vt 0.447783 0.519788
vt 0.552430 0.555132
vt 0.552430 0.555132
vt 0.547374 0.553661
vt 0.598901 0.405553
vt 0.598901 0.405553
vt 0.598902 0.405553
vt 0.396105 0.495045
vt 0.396105 0.495045
vt 0.392076 0.497547
vt 0.392076 0.497547
s 0
f 933/447/67 932/448/67 1031/448/67 1032/447/67
f 910/449/68 912/450/68 1009/450/68 1007/449/68
f 944/451/69 942/452/69 1041/452/69 1043/451/69
f 893/453/69 898/454/69 994/454/69 990/453/69
f 982/455/70 985/456/70 1083/456/70 1081/455/70
f 945/457/67 944/451/67 1043/451/67 1044/457/67
f 897/458/71 896/459/71 992/459/71 995/458/71
f 895/460/67 894/461/67 991/461/67 993/460/67
f 968/462/68 970/463/68 1069/463/68 1067/462/68
f 943/464/72 982/455/72 1081/455/72 1042/464/72
f 930/465/69 928/466/69 1027/466/69 1029/465/69
f 970/463/71 971/467/71 1070/467/71 1069/463/71
f 929/468/71 931/469/71 1030/469/71 1028/468/71
f 942/452/69 937/470/69 1036/470/69 1041/452/69
f 983/471/73 945/457/73 1044/457/73 1082/471/73
f 956/472/67 949/473/67 1047/473/67 1056/472/67
f 908/474/68 910/449/68 1007/449/68 1004/474/68
f 939/475/71 943/464/71 1042/464/71 1038/475/71
f 951/476/68 957/477/68 1055/477/68 1049/476/68
f 957/477/71 956/472/71 1056/472/71 1055/477/71
f 909/478/74 906/479/74 1002/479/74 1006/478/74
f 958/480/68 968/462/68 1067/462/68 1057/480/68
f 928/466/69 926/481/69 1025/481/69 1027/466/69
f 969/482/67 960/483/67 1059/483/67 1068/482/67
f 922/484/69 925/484/69 1015/484/69 1016/484/69
f 1127/485/67 954/486/67 1054/486/67 1128/487/67
f 941/488/71 938/489/71 1037/489/71 1039/488/71
f 980/490/68 978/491/68 1078/491/68 1080/490/68
f 905/492/69 907/493/69 1005/493/69 1003/492/69
f 979/494/67 981/495/67 1079/495/67 1077/494/67
f 936/496/69 940/497/69 1040/497/69 1035/496/69
f 889/498/67 895/460/67 993/460/67 986/498/67
f 981/495/69 980/490/69 1080/490/69 1079/495/69
f 1121/499/68 950/500/68 1050/500/68 1123/501/68
f 954/486/69 955/502/69 1053/502/69 1054/486/69
f 1092/503/69 967/484/69 1066/484/69 1096/503/69
f 940/497/68 941/488/68 1039/488/68 1040/497/68
f 896/459/68 891/504/68 989/504/68 992/459/68
f 907/493/68 908/474/68 1004/474/68 1005/493/68
f 1023/484/68 1021/484/68 1019/484/68 1018/484/68
f 1089/505/71 962/506/71 1061/506/71 1093/505/71
f 1023/484/68 1024/507/68 1022/507/68 1021/484/68
f 1017/484/71 1020/484/71 917/484/71 1014/484/71
f 953/508/71 951/476/71 1049/476/71 1051/508/71
f 923/484/69 924/484/69 920/484/69 921/484/69
f 1018/484/71 1019/484/71 918/484/71 919/484/71
f 1066/484/67 967/484/67 1020/484/67 1017/484/67
f 925/484/69 922/484/69 924/484/69 923/484/69
f 899/509/68 900/510/68 997/510/68 996/509/68
f 932/448/69 930/465/69 1029/465/69 1031/448/69
f 898/454/69 899/509/69 996/509/69 994/454/69
f 960/483/67 961/511/67 1060/511/67 1059/483/67
f 947/512/67 946/513/67 1046/513/67 1045/512/67
f 972/514/69 969/482/69 1068/482/69 1072/514/69
f 913/515/74 911/516/74 1008/516/74 1010/515/74
f 971/467/71 973/517/71 1071/517/71 1070/467/71
f 919/484/68 918/484/68 921/484/68 920/484/68
f 934/518/71 935/519/71 1033/519/71 1034/518/71
f 912/450/68 914/520/68 1011/520/68 1009/450/68
f 1014/484/67 917/484/67 1016/484/67 1015/484/67
f 975/521/67 974/522/67 1074/522/67 1073/521/67
f 946/513/69 948/523/69 1048/523/69 1046/513/69
f 927/524/68 934/518/68 1034/518/68 1026/524/68
f 900/510/68 902/525/68 999/525/68 997/510/68
f 949/473/71 947/512/71 1045/512/71 1047/473/71
f 916/526/71 915/527/71 1012/527/71 1013/526/71
f 901/528/67 897/458/67 995/458/67 998/528/67
f 935/519/67 929/468/67 1028/468/67 1033/519/67
f 973/517/71 975/521/71 1073/521/71 1071/517/71
f 961/511/67 963/529/67 1062/529/67 1060/511/67
f 914/520/68 916/526/68 1013/526/68 1011/520/68
f 962/506/68 959/530/68 1058/530/68 1061/506/68
f 904/531/71 903/532/71 1000/532/71 1001/531/71
f 937/470/67 933/447/67 1032/447/67 1036/470/67
f 1084/533/75 1075/534/75 977/534/75 984/533/75
f 979/494/76 1077/494/76 1083/456/76 985/456/76
f 931/469/68 936/496/68 1035/496/68 1030/469/68
f 966/507/71 1065/507/71 1022/507/71 1024/507/71
f 974/522/67 977/534/67 1075/534/67 1074/522/67
f 965/535/69 964/536/69 1063/536/69 1064/535/69
f 927/524/71 1026/524/71 987/456/71 890/456/71
f 976/537/68 972/514/68 1072/514/68 1076/537/68
f 938/489/71 939/475/71 1038/475/71 1037/489/71
f 891/504/68 892/538/68 988/538/68 989/504/68
f 952/539/68 953/508/68 1051/508/68 1052/539/68
f 963/529/67 965/535/67 1064/535/67 1062/529/67
f 902/525/69 905/492/69 1003/492/69 999/525/69
f 1082/471/77 1084/533/77 984/533/77 983/471/77
f 906/479/71 904/531/71 1001/531/71 1002/479/71
f 1078/491/68 978/491/68 976/537/68 1076/537/68
f 950/500/69 952/539/69 1052/539/69 1050/500/69
f 894/461/69 893/453/69 990/453/69 991/461/69
f 889/498/69 986/498/69 1025/481/69 926/481/69
f 1008/516/71 911/516/71 1086/516/71 1088/516/71
f 909/478/69 1006/478/69 1087/478/69 1085/478/69
f 966/507/71 1090/540/71 1094/541/71 1065/507/71
f 964/536/69 1091/542/69 1095/542/69 1063/536/69
f 1135/456/67 1133/456/67 1099/456/67 1097/456/67
f 913/515/78 1010/515/78 1058/530/78 959/530/78
f 1097/456/69 1099/456/69 1110/456/69 1109/456/69
f 1136/538/68 1134/543/68 1098/538/68 1100/538/68
f 1103/456/71 1104/538/71 1102/538/71 1101/456/71
f 1105/538/68 1106/538/68 1108/538/68 1107/538/68
f 1102/538/71 1104/538/71 1107/538/71 1108/538/71
f 1100/538/69 1098/538/69 1106/538/69 1105/538/69
f 1109/456/67 1110/456/67 1112/456/67 1111/456/67
f 1103/456/71 1101/456/71 1111/456/71 1112/456/71
f 1096/503/79 1094/541/79 1090/540/79 1092/503/79
f 1095/542/80 1091/542/80 1089/505/80 1093/505/80
f 988/538/68 892/538/68 1117/544/68 1120/544/68
f 1115/456/69 1118/544/69 1119/545/69 1114/456/69
f 890/456/67 987/456/67 1113/456/67 1116/456/67
f 1116/456/71 1113/456/71 1120/544/71 1117/544/71
f 1125/546/68 1121/499/68 1123/501/68 1126/547/68
f 948/523/67 1122/548/67 1124/549/67 1048/523/67
f 955/502/68 1125/546/68 1126/547/68 1053/502/68
f 1122/548/67 1127/485/67 1128/487/67 1124/549/67
f 1119/545/68 1118/544/68 1130/543/68 1132/538/68
f 1115/456/67 1114/456/67 1129/456/67 1131/456/67
f 1057/480/81 1012/527/81 915/527/81 958/480/81
f 1132/538/68 1130/543/68 1134/543/68 1136/538/68
f 1131/456/67 1129/456/67 1133/456/67 1135/456/67
f 1123/501/82 1133/456/82 1135/456/82 1121/499/82
f 1126/547/69 1125/546/69 1131/456/69 1129/456/69
f 1000/532/67 903/532/67 901/528/67 998/528/67
f 1085/478/74 1087/478/74 1088/516/74 1086/516/74
o DoorFrame
v 2.400204 6.118927 57.882492
v 2.400204 12.727450 57.882492
v 2.400204 6.118927 57.032192
v 2.400204 12.727450 57.032192
v 4.017254 6.118927 57.882492
v 4.017254 12.727450 57.882492
v 4.017254 6.118927 57.032192
v 4.017254 12.727450 57.032192
v 3.644311 6.118927 57.032192
v 2.773147 6.118927 57.032192
v 2.773147 12.727450 57.032192
v 3.644312 12.727450 57.032192
v 2.773147 6.118927 57.882492
v 3.644312 6.118927 57.882492
v 3.644311 12.727450 57.882492
v 2.773147 12.727450 57.882492
v 2.400204 6.618815 57.882492
v 2.400204 12.227568 57.882492
v 2.400204 12.227568 57.032192
v 2.400204 6.618814 57.032192
v 4.017254 12.227568 57.032192
v 4.017254 6.618814 57.032192
v 4.017254 12.227568 57.882492
v 4.017254 6.618814 57.882492
v 3.644311 12.227568 57.882492
v 3.644312 6.618814 57.882492
v 2.773147 12.227568 57.882492
v 2.773147 6.618814 57.882492
v 2.773147 12.227568 57.032192
v 2.773147 6.618814 57.032192
v 3.644312 12.227568 57.032192
v 3.644311 6.618814 57.032192
v 3.644311 12.227568 57.682491
v 3.644312 6.618814 57.682491
v 2.773147 12.227568 57.682491
v 2.773147 6.618814 57.682491
v 2.773147 12.227568 57.232193
v 2.773147 6.618814 57.232193
v 3.644312 12.227568 57.232193
v 3.644311 6.618814 57.232193
v 2.400204 11.718443 57.882492
v 2.400204 11.718443 57.032192
v 4.017254 11.718443 57.032192
v 4.017254 11.718443 57.882492
v 3.644311 11.718443 57.882492
v 2.773147 11.718443 57.882492
v 2.773147 11.718443 57.032192
v 3.644312 11.718443 57.032192
v 3.644311 11.718443 57.682491
v 2.773147 11.718443 57.682491
v 2.773147 11.718443 57.232193
v 3.644312 11.718443 57.232193
v -3.404698 6.118927 57.882492
v -3.404698 12.727450 57.882492
v -3.404698 6.118927 57.032192
v -3.404698 12.727450 57.032192
v -1.787648 6.118927 57.882492
v -1.787648 12.727450 57.882492
v -1.787648 6.118927 57.032192
v -1.787648 12.727450 57.032192
v -2.160590 6.118927 57.032192
v -3.031756 6.118927 57.032192
v -3.031755 12.727450 57.032192
v -2.160590 12.727450 57.032192
v -3.031755 6.118927 57.882492
v -2.160590 6.118927 57.882492
v -2.160590 12.727450 57.882492
v -3.031756 12.727450 57.882492
v -3.404698 6.618815 57.882492
v -3.404698 12.227568 57.882492
v -3.404698 12.227568 57.032192
v -3.404698 6.618814 57.032192
v -1.787648 12.227568 57.032192
v -1.787648 6.618814 57.032192
v -1.787648 12.227568 57.882492
v -1.787648 6.618814 57.882492
v -2.160590 12.227568 57.882492
v -2.160590 6.618814 57.882492
v -3.031755 12.227568 57.882492
v -3.031755 6.618814 57.882492
v -3.031755 12.227568 57.032192
v -3.031756 6.618814 57.032192
v -2.160590 12.227568 57.032192
v -2.160590 6.618814 57.032192
v -2.160590 12.227568 57.682491
v -2.160590 6.618814 57.682491
v -3.031755 12.227568 57.682491
v -3.031755 6.618814 57.682491
v -3.031755 12.227568 57.232193
v -3.031756 6.618814 57.232193
v -2.160590 12.227568 57.232193
v -2.160590 6.618814 57.232193
v -3.404698 11.718443 57.882492
v -3.404698 11.718443 57.032192
v -1.787648 11.718443 57.032192
v -1.787648 11.718443 57.882492
v -2.160590 11.718443 57.882492
v -3.031755 11.718443 57.882492
v -3.031755 11.718443 57.032192
v -2.160590 11.718443 57.032192
v -2.160590 11.718443 57.682491
v -3.031755 11.718443 57.682491
v -3.031755 11.718443 57.232193
v -2.160590 11.718443 57.232193
vn -0.0000 -0.0000 -1.0000
vn 1.0000 -0.0000 -0.0000
vn -0.0000 -0.0000 1.0000
vn -0.0000 -1.0000 -0.0000
vn -1.0000 -0.0000 -0.0000
vn -0.0000 1.0000 -0.0000
vt 0.541667 0.416667
vt 0.625000 0.416667
vt 0.625000 0.500000
vt 0.541667 0.500000
vt 0.625000 0.750000
vt 0.541667 0.750000
vt 0.541667 0.916667
vt 0.625000 0.916667
vt 0.625000 1.000000
vt 0.541667 1.000000
vt 0.625000 0.833333
vt 0.541667 0.833333
vt 0.541667 0.250000
vt 0.625000 0.250000
vt 0.625000 0.333333
vt 0.541667 0.333333
vt 0.375000 0.333333
vt 0.458333 0.333333
vt 0.458333 0.416667
vt 0.375000 0.416667
vt 0.375000 0.250000
vt 0.458333 0.250000
vt 0.534102 0.250000
vt 0.534102 0.333333
vt 0.375000 0.833333
vt 0.458333 0.833333
vt 0.458333 0.916667
vt 0.375000 0.916667
vt 0.375000 0.750000
vt 0.458333 0.750000
vt 0.534102 0.750000
vt 0.534102 0.833333
vt 0.458333 1.000000
vt 0.375000 1.000000
vt 0.534102 0.916667
vt 0.534102 1.000000
vt 0.375000 0.500000
vt 0.458333 0.500000
vt 0.534102 0.500000
vt 0.534102 0.416667
vt 0.375000 0.000000
vt 0.458333 0.000000
vt 0.534102 0.916667
vt 0.534102 0.000000
vt 0.541667 0.000000
vt 0.625000 0.000000
vt 0.000000 0.000000
s 0
f 1167/550/83 1148/551/83 1144/552/83 1157/553/83
f 1157/553/84 1144/552/84 1142/554/84 1159/555/84
f 1163/556/85 1152/557/85 1138/558/85 1154/559/85
f 1159/555/85 1142/554/85 1151/560/85 1161/561/85
f 1161/561/85 1151/560/85 1152/557/85 1163/556/85
f 1155/562/83 1140/563/83 1147/564/83 1165/565/83
f 1165/565/83 1147/564/83 1148/551/83 1167/550/83
f 1146/566/83 1166/567/83 1168/568/83 1145/569/83
f 1165/565/86 1167/550/86 1175/550/86 1173/565/86
f 1139/570/83 1156/571/83 1166/567/83 1146/566/83
f 1178/572/83 1155/562/83 1165/565/83 1183/573/83
f 1150/574/85 1162/575/85 1164/576/85 1149/577/85
f 1161/561/86 1163/556/86 1171/556/86 1169/561/86
f 1141/578/85 1160/579/85 1162/575/85 1150/574/85
f 1180/580/85 1159/555/85 1161/561/85 1181/581/85
f 1149/577/85 1164/576/85 1153/582/85 1137/583/85
f 1182/584/85 1163/556/85 1154/559/85 1177/585/85
f 1143/586/84 1158/587/84 1160/579/84 1141/578/84
f 1179/588/84 1157/553/84 1159/555/84 1180/580/84
f 1145/569/83 1168/568/83 1158/587/83 1143/586/83
f 1184/589/83 1167/550/83 1157/553/83 1179/588/83
f 1137/590/87 1153/591/87 1156/571/87 1139/570/87
f 1185/581/85 1169/561/85 1171/556/85 1186/592/85
f 1182/584/84 1164/576/84 1172/576/84 1186/592/84
f 1181/581/87 1161/561/87 1169/561/87 1185/581/87
f 1164/576/88 1162/575/88 1170/575/88 1172/576/88
f 1187/573/83 1173/565/83 1175/550/83 1188/589/83
f 1184/589/87 1168/568/87 1176/568/87 1188/589/87
f 1183/573/84 1165/565/84 1173/565/84 1187/573/84
f 1168/568/88 1166/567/88 1174/567/88 1176/568/88
f 1166/567/84 1183/573/84 1187/573/84 1174/567/84
f 1167/550/87 1184/589/87 1188/589/87 1175/550/87
f 1174/567/83 1187/573/83 1188/589/83 1176/568/83
f 1162/575/87 1181/581/87 1185/581/87 1170/575/87
f 1163/556/84 1182/584/84 1186/592/84 1171/556/84
f 1170/575/85 1185/581/85 1186/592/85 1172/576/85
f 1153/591/87 1177/593/87 1178/572/87 1156/571/87
f 1168/568/83 1184/589/83 1179/588/83 1158/587/83
f 1158/587/84 1179/588/84 1180/580/84 1160/579/84
f 1164/576/85 1182/584/85 1177/585/85 1153/582/85
f 1160/579/85 1180/580/85 1181/581/85 1162/575/85
f 1156/571/83 1178/572/83 1183/573/83 1166/567/83
f 1206/594/87 1190/595/87 1192/563/87 1207/562/87
f 1219/550/83 1200/551/83 1196/552/83 1209/553/83
f 1215/556/85 1204/557/85 1190/558/85 1206/559/85
f 1211/555/85 1194/554/85 1203/560/85 1213/561/85
f 1213/561/85 1203/560/85 1204/557/85 1215/556/85
f 1207/562/83 1192/563/83 1199/564/83 1217/565/83
f 1217/565/83 1199/564/83 1200/551/83 1219/550/83
f 1198/566/83 1218/567/83 1220/568/83 1197/569/83
f 1217/565/86 1219/550/86 1227/550/86 1225/565/86
f 1191/570/83 1208/571/83 1218/567/83 1198/566/83
f 1230/572/83 1207/562/83 1217/565/83 1235/573/83
f 1202/574/85 1214/575/85 1216/576/85 1201/577/85
f 1213/561/86 1215/556/86 1223/556/86 1221/561/86
f 1193/578/85 1212/579/85 1214/575/85 1202/574/85
f 1232/580/85 1211/555/85 1213/561/85 1233/581/85
f 1201/577/85 1216/576/85 1205/582/85 1189/583/85
f 1234/584/85 1215/556/85 1206/559/85 1229/585/85
f 1195/586/84 1210/587/84 1212/579/84 1193/578/84
f 1197/569/83 1220/568/83 1210/587/83 1195/586/83
f 1236/589/83 1219/550/83 1209/553/83 1231/588/83
f 1189/590/87 1205/591/87 1208/571/87 1191/570/87
f 1229/593/87 1206/594/87 1207/562/87 1230/572/87
f 1237/581/85 1221/561/85 1223/556/85 1238/592/85
f 1234/584/84 1216/576/84 1224/576/84 1238/592/84
f 1233/581/87 1213/561/87 1221/561/87 1237/581/87
f 1216/576/88 1214/575/88 1222/575/88 1224/576/88
f 1239/573/83 1225/565/83 1227/550/83 1240/589/83
f 1236/589/87 1220/568/87 1228/568/87 1240/589/87
f 1235/573/84 1217/565/84 1225/565/84 1239/573/84
f 1220/568/88 1218/567/88 1226/567/88 1228/568/88
f 1218/567/84 1235/573/84 1239/573/84 1226/567/84
f 1219/550/87 1236/589/87 1240/589/87 1227/550/87
f 1226/567/83 1239/573/83 1240/589/83 1228/568/83
f 1214/575/87 1233/581/87 1237/581/87 1222/575/87
f 1215/556/84 1234/584/84 1238/592/84 1223/556/84
f 1222/575/85 1237/581/85 1238/592/85 1224/576/85
f 1205/591/87 1229/593/87 1230/572/87 1208/571/87
f 1220/568/83 1236/589/83 1231/588/83 1210/587/83
f 1210/587/84 1231/588/84 1232/580/84 1212/579/84
f 1216/576/85 1234/584/85 1229/585/85 1205/582/85
f 1212/579/85 1232/580/85 1233/581/85 1214/575/85
f 1208/571/83 1230/572/83 1235/573/83 1218/567/83
f 1177/596/85 1138/596/85 1194/596/85 1232/596/85
f 1196/596/83 1140/596/83 1178/596/83 1231/596/83
f 1177/596/86 1232/596/86 1231/588/86 1178/596/86
o EntranceStair
v -3.392795 4.792909 59.710030
v -3.392795 4.973431 59.710030
v -3.392795 4.792909 57.710030
v -3.392795 4.973431 57.710030
v 3.921584 4.792909 59.710030
v 3.921584 4.973431 59.710030
v 3.921584 4.792909 57.710030
v 3.921584 4.973431 57.710030
v -3.392795 5.273431 59.710030
v -3.392795 5.273431 57.710030
v 3.921584 5.273431 57.710030
v 3.921584 5.273431 59.710030
v -3.392795 5.573431 59.710030
v -3.392795 5.573431 57.710030
v 3.921584 5.573431 57.710030
v 3.921584 5.573431 59.710030
v -3.392795 5.873431 59.710030
v -3.392795 5.873431 57.710030
v 3.921584 5.873431 57.710030
v 3.921584 5.873431 59.710030
v -3.392795 6.170049 59.710030
v -3.392795 6.173431 57.710030
v 3.921584 6.173431 57.710030
v 3.921584 6.170049 59.710030
v -3.392795 4.792909 60.710030
v -3.392795 4.973431 60.710030
v 3.921584 4.973431 60.710030
v 3.921584 4.792909 60.710030
v 3.921584 5.273431 60.710030
v -3.392795 5.273431 60.710030
v 3.921584 5.573431 60.710030
v -3.392795 5.573431 60.710030
v 3.921584 5.870049 60.710030
v -3.392795 5.870049 60.710030
v -3.392795 4.792909 61.710030
v -3.392795 4.973431 61.710030
v 3.921584 4.973431 61.710030
v 3.921584 4.792909 61.710030
v 3.921584 5.273431 61.710030
v -3.392795 5.273431 61.710030
v 3.921584 5.570049 61.710030
v -3.392795 5.570049 61.710030
v -3.392795 4.792909 62.710030
v -3.392795 4.973431 62.710030
v 3.921584 4.973431 62.710030
v 3.921584 4.792909 62.710030
v -3.392795 5.270049 62.710030
v -3.392795 4.792909 63.710030
v -3.392795 4.973431 63.710030
v 3.921584 4.973431 63.710030
v 3.921584 4.792909 63.710030
v 3.327985 4.792909 57.710030
v -2.799197 4.792909 57.710030
v -2.799197 4.973431 57.710030
v 3.327985 4.973431 57.710030
v -2.799197 4.792909 59.710030
v 3.327985 4.792909 59.710030
v -2.799197 5.273431 57.710030
v 3.327985 5.273431 57.710030
v -2.799197 5.573431 57.710030
v 3.327985 5.573431 57.710030
v -2.799197 5.873431 57.710030
v 3.327985 5.873431 57.710030
v 3.327985 5.873431 59.710030
v -2.799197 5.873431 59.710030
v -2.799197 6.173431 57.710030
v 3.327985 6.173431 57.710030
v 3.327985 6.170049 59.710030
v -2.799197 6.170049 59.710030
v -2.799197 4.792909 60.710030
v 3.327985 4.792909 60.710030
v 3.327985 5.573431 60.710030
v -2.799197 5.573431 60.710030
v 3.327985 5.870049 60.710030
v -2.799197 5.870049 60.710030
v -2.799197 4.792909 61.710030
v 3.327985 4.792909 61.710030
v 3.327985 5.273431 61.710030
v -2.799197 5.273431 61.710030
v 3.327985 5.570049 61.710030
v -2.799197 5.570049 61.710030
v -2.799197 4.792909 62.710030
v 3.327985 4.792909 62.710030
v 3.327985 4.973431 62.710030
v -2.799197 4.973431 62.710030
v 3.327985 5.270049 62.710030
v -2.799197 5.270049 62.710030
v -2.799197 4.792909 63.710030
v 3.327985 4.792909 63.710030
v 3.327985 4.973431 63.710030
v -2.799197 4.973431 63.710030
v 3.921584 6.166667 60.710030
v -3.392795 6.166667 60.710030
v -2.799197 6.166667 60.710030
v 3.921584 5.566667 62.710030
v -2.799197 5.866667 61.710030
v -3.392795 5.866667 61.710030
v 3.921584 5.866667 61.710030
v -2.799197 5.566667 62.710030
v -3.392795 5.566667 62.710030
v -2.799197 5.266667 63.710030
v -3.392795 5.266667 63.710030
v 3.921584 5.266667 63.710030
v 3.921584 5.266667 62.710030
v 3.327985 6.166667 60.710030
v 3.327985 5.866667 61.710030
v 3.327985 5.566667 62.710030
v 3.327985 5.266667 63.710030
vn -1.0000 -0.0000 -0.0000
vn -0.0000 -0.0000 -1.0000
vn 1.0000 -0.0000 -0.0000
vn -0.0000 -1.0000 -0.0000
vn -0.0000 1.0000 0.0017
vn -0.0000 -0.0000 1.0000
vn -0.0000 1.0000 -0.0000
vn -0.0000 1.0000 0.0034
vn 0.0028 1.0000 0.0017
vt 0.375000 0.000000
vt 0.625000 0.000000
vt 0.625000 0.250000
vt 0.375000 0.250000
vt 0.375000 0.416667
vt 0.625000 0.416667
vt 0.625000 0.500000
vt 0.375000 0.500000
vt 0.625000 0.750000
vt 0.375000 0.750000
vt 0.291667 0.500000
vt 0.291667 0.750000
vt 0.625000 0.333333
vt 0.625000 0.833333
vt 0.791667 0.500000
vt 0.875000 0.500000
vt 0.875000 0.750000
vt 0.791667 0.750000
vt 0.375000 0.916667
vt 0.625000 0.916667
vt 0.625000 1.000000
vt 0.375000 1.000000
vt 0.125000 0.750000
vt 0.208333 0.750000
vt 0.375000 0.833333
vt 0.708333 0.500000
vt 0.708333 0.750000
vt 0.125000 0.500000
vt 0.208333 0.500000
vt 0.375000 0.333333
s 0
f 1241/597/89 1242/598/89 1244/599/89 1243/600/89
f 1292/601/90 1295/602/90 1248/603/90 1247/604/90
f 1247/604/91 1248/603/91 1246/605/91 1245/606/91
f 1252/605/91 1256/605/91 1271/605/91 1269/605/91
f 1292/607/92 1247/604/92 1245/606/92 1297/608/92
f 1246/605/91 1248/603/91 1251/603/91 1252/605/91
f 1252/605/91 1251/603/91 1255/603/91 1256/605/91
f 1244/599/89 1242/598/89 1249/598/89 1250/599/89
f 1242/598/89 1241/597/89 1265/597/89 1266/598/89
f 1294/609/90 1244/599/90 1250/599/90 1298/609/90
f 1249/598/89 1242/598/89 1266/598/89 1270/598/89
f 1250/599/89 1249/598/89 1253/598/89 1254/599/89
f 1312/610/89 1320/610/89 1346/610/89 1314/610/89
f 1298/609/90 1250/599/90 1254/599/90 1300/609/90
f 1260/605/91 1259/603/91 1263/603/91 1264/605/91
f 1300/609/90 1254/599/90 1258/599/90 1302/609/90
f 1256/605/91 1255/603/91 1259/603/91 1260/605/91
f 1254/599/89 1253/598/89 1257/598/89 1258/599/89
f 1306/611/93 1262/612/93 1261/613/93 1309/614/93
f 1258/599/89 1257/598/89 1261/598/89 1262/599/89
f 1302/609/90 1258/599/90 1262/599/90 1306/609/90
f 1270/598/89 1266/598/89 1276/598/89 1280/598/89
f 1269/605/91 1271/605/91 1281/605/91 1279/605/91
f 1268/606/91 1267/605/91 1277/605/91 1278/606/91
f 1256/605/91 1260/605/91 1273/605/91 1271/605/91
f 1245/606/91 1246/605/91 1267/605/91 1268/606/91
f 1253/598/89 1249/598/89 1270/598/89 1272/598/89
f 1257/598/89 1253/598/89 1272/598/89 1274/598/89
f 1297/608/92 1245/606/92 1268/606/92 1311/608/92
f 1246/605/91 1252/605/91 1269/605/91 1267/605/91
f 1278/606/91 1277/605/91 1285/605/91 1286/606/91
f 1277/605/91 1279/605/91 1344/605/91 1285/605/91
f 1311/608/92 1268/606/92 1278/606/92 1317/608/92
f 1266/598/89 1265/597/89 1275/597/89 1276/598/89
f 1272/598/89 1270/598/89 1280/598/89 1282/598/89
f 1267/605/91 1269/605/91 1279/605/91 1277/605/91
f 1284/598/89 1283/597/89 1288/597/89 1289/598/89
f 1280/598/89 1276/598/89 1284/598/89 1287/598/89
f 1290/605/91 1285/605/91 1344/605/91 1343/605/91
f 1317/608/92 1278/606/92 1286/606/92 1323/608/92
f 1276/598/89 1275/597/89 1283/597/89 1284/598/89
f 1328/615/94 1331/616/94 1289/617/94 1288/618/94
f 1282/617/94 1321/616/94 1336/616/94 1337/617/94
f 1286/606/91 1285/605/91 1290/605/91 1291/606/91
f 1323/608/92 1286/606/92 1291/606/92 1329/608/92
f 1283/619/92 1322/620/92 1328/620/92 1288/619/92
f 1322/620/92 1323/608/92 1329/608/92 1328/620/92
f 1330/610/94 1290/605/94 1343/605/94 1348/610/94
f 1324/610/95 1325/616/95 1331/616/95 1330/610/95
f 1291/606/94 1290/605/94 1330/610/94 1329/621/94
f 1329/621/94 1330/610/94 1331/616/94 1328/615/94
f 1275/619/92 1316/620/92 1322/620/92 1283/619/92
f 1316/620/92 1317/608/92 1323/608/92 1322/620/92
f 1287/617/94 1327/616/94 1339/616/94 1340/617/94
f 1318/610/96 1319/616/96 1327/616/96 1326/610/96
f 1325/616/94 1324/610/94 1326/610/94 1327/616/94
f 1284/598/89 1289/598/89 1342/598/89 1287/598/89
f 1312/610/96 1313/616/96 1321/616/96 1320/610/96
f 1265/619/92 1310/620/92 1316/620/92 1275/619/92
f 1310/620/92 1311/608/92 1317/608/92 1316/620/92
f 1319/616/94 1318/610/94 1320/610/94 1321/616/94
f 1241/619/92 1296/620/92 1310/620/92 1265/619/92
f 1296/620/92 1297/608/92 1311/608/92 1310/620/92
f 1313/616/94 1312/610/94 1314/610/94 1315/616/94
f 1259/603/90 1303/602/90 1307/602/90 1263/603/90
f 1303/602/90 1302/609/90 1306/609/90 1307/602/90
f 1305/616/94 1304/610/94 1308/610/94 1309/616/94
f 1263/603/93 1307/622/93 1308/623/93 1264/605/93
f 1307/622/93 1306/611/93 1309/614/93 1308/623/93
f 1255/603/90 1301/602/90 1303/602/90 1259/603/90
f 1301/602/90 1300/609/90 1302/609/90 1303/602/90
f 1251/603/90 1299/602/90 1301/602/90 1255/603/90
f 1299/602/90 1298/609/90 1300/609/90 1301/602/90
f 1304/610/96 1305/616/96 1315/616/96 1314/610/96
f 1248/603/90 1295/602/90 1299/602/90 1251/603/90
f 1295/602/90 1294/609/90 1298/609/90 1299/602/90
f 1243/624/92 1293/625/92 1296/620/92 1241/619/92
f 1293/625/92 1292/607/92 1297/608/92 1296/620/92
f 1243/600/90 1244/599/90 1294/609/90 1293/626/90
f 1293/626/90 1294/609/90 1295/602/90 1292/601/90
f 1309/616/96 1261/617/96 1333/617/96 1334/616/96
f 1315/616/96 1274/617/96 1337/617/96 1336/616/96
f 1321/616/96 1282/617/96 1340/617/96 1339/616/96
f 1327/616/96 1287/617/96 1342/617/96 1341/616/96
f 1344/605/97 1326/610/97 1348/610/97 1343/605/97
f 1281/605/96 1320/610/96 1347/610/96 1335/605/96
f 1273/605/96 1314/610/96 1346/610/96 1338/605/96
f 1264/605/96 1308/610/96 1345/610/96 1332/605/96
f 1321/616/91 1313/616/91 1315/616/91 1336/616/91
f 1281/605/91 1271/605/91 1273/605/91 1338/605/91
f 1320/610/94 1281/605/94 1338/605/94 1346/610/94
f 1324/610/89 1330/610/89 1348/610/89 1326/610/89
f 1331/616/91 1325/616/91 1327/616/91 1341/616/91
f 1280/598/89 1287/598/89 1340/598/89 1282/598/89
f 1257/598/89 1274/598/89 1333/598/89 1261/598/89
f 1304/610/89 1314/610/89 1345/610/89 1308/610/89
f 1272/598/89 1282/598/89 1337/598/89 1274/598/89
f 1315/616/91 1305/616/91 1309/616/91 1334/616/91
f 1326/610/94 1344/605/94 1335/605/94 1347/610/94
f 1344/605/91 1279/605/91 1281/605/91 1335/605/91
f 1274/617/94 1315/616/94 1334/616/94 1333/617/94
f 1318/610/89 1326/610/89 1347/610/89 1320/610/89
f 1289/617/94 1331/616/94 1341/616/94 1342/617/94
f 1314/610/94 1273/605/94 1332/605/94 1345/610/94
f 1327/616/91 1319/616/91 1321/616/91 1339/616/91
f 1273/605/91 1260/605/91 1264/605/91 1332/605/91
o Roof1
v 4.788186 12.717204 57.884789
v 4.788186 12.717204 68.752914
v 25.434469 12.717204 68.752914
v 25.434469 12.717204 48.088017
v 27.902685 12.717204 48.088017
v 27.902685 12.717204 25.304483
v 24.702143 12.717204 25.304483
v 21.176121 12.717204 22.537912
v 11.473568 12.717204 22.530344
v 8.121598 12.563807 25.519922
v -29.726154 12.717204 57.884789
v -29.726154 12.717204 41.710369
v -34.156284 12.717204 41.710369
v 0.477488 12.563807 25.519922
v 0.116472 12.563807 25.831125
v 0.116472 12.563807 35.355515
v 0.116472 12.563807 20.136084
v 0.477488 12.563807 19.884943
v -12.738817 12.563807 20.136084
v -13.021351 12.563807 19.884943
v -13.021351 12.563807 21.172041
v -12.823395 12.563807 35.355515
v -34.196266 12.717204 37.942307
v -18.728859 12.563807 21.172041
v -29.864286 12.563807 21.172041
v -33.993443 12.563807 21.201656
v -37.377945 12.563807 26.067583
v -37.377945 12.563807 34.203098
v -29.864286 12.563807 21.352549
v -23.487700 12.563807 21.352549
v -25.121332 12.563807 21.172041
v -25.121332 12.563807 21.352549
v 4.788186 13.264156 57.884789
v 4.788186 13.264156 68.752914
v 25.434469 13.264156 68.752914
v 25.434469 13.264156 48.088017
v 27.902685 13.264156 48.088017
v 27.902685 13.264156 25.304483
v 24.702143 13.264156 25.304483
v 21.176121 13.264156 22.537912
v 11.473568 13.264156 22.530344
v 8.121598 13.110760 25.519922
v -29.726154 13.264156 57.884789
v -29.726154 13.264156 41.710369
v -34.156284 13.264156 41.710369
v 0.477488 13.110760 25.519922
v 0.116472 13.110760 25.831125
v 0.116472 13.110760 35.355515
v 0.116472 13.110760 20.136084
v 0.477488 13.110760 19.884943
v -12.738817 13.110760 20.136084
v -13.021351 13.110760 19.884943
v -13.021351 13.110760 21.172041
v -12.823395 13.110760 35.355515
v -34.196266 13.264156 37.942307
v -18.728859 13.110760 21.172041
v -29.864286 13.110760 21.172041
v -33.993443 13.110760 21.201656
v -37.377945 13.110760 26.067583
v -37.377945 13.110760 34.203098
v -29.864286 13.110760 21.352549
v -23.487700 13.110760 21.352549
v -25.121332 13.110760 21.172041
v -25.121332 13.110760 21.352549
vn -0.0000 -1.0000 -0.0000
vn -0.0020 -0.9991 0.0427
vn -0.0053 -1.0000 0.0063
vn -0.0000 -1.0000 0.0068
vn -0.0050 -0.9999 0.0107
vn -0.0000 -0.9999 0.0120
vn 0.0029 -1.0000 0.0062
vn 0.0054 -1.0000 0.0002
vn 0.0056 -0.9996 -0.0268
vn 0.0092 -1.0000 -0.0013
vn -0.0000 1.0000 -0.0000
vn 0.0020 0.9991 -0.0427
vn 0.0053 1.0000 -0.0063
vn -0.0000 1.0000 -0.0068
vn 0.0050 0.9999 -0.0107
vn -0.0000 0.9999 -0.0120
vn -0.0029 1.0000 -0.0062
vn -0.0054 1.0000 -0.0002
vn -0.0056 0.9996 0.0268
vn -0.0092 1.0000 0.0013
vn -0.0000 -0.0000 -1.0000
vn 0.6173 -0.0000 -0.7867
vn 0.0008 -0.0000 -1.0000
vn -0.6656 -0.0000 -0.7463
vn 1.0000 -0.0000 -0.0000
vn -1.0000 -0.0000 -0.0000
vn -0.0072 -0.0000 -1.0000
vn -0.8209 -0.0000 -0.5710
vn -0.7616 -0.0000 0.6480
vn -0.0000 -0.0000 1.0000
vn -0.9999 -0.0000 0.0106
vn 1.0000 -0.0000 0.0056
vt 0.000000 0.000000
s 0
f 1367/627/98 1370/627/98 1368/627/98
f 1367/627/98 1368/627/98 1366/627/98 1365/627/98
f 1364/627/98 1363/627/98 1365/627/98 1366/627/98 1362/627/98
f 1380/627/98 1379/627/98 1378/627/98
f 1379/627/98 1372/627/98 1378/627/98
f 1372/627/98 1369/627/98 1378/627/98
f 1374/627/98 1373/627/98 1377/627/98 1375/627/98
f 1375/627/98 1377/627/98 1370/627/98 1376/627/98
f 1376/627/99 1370/627/99 1371/627/99
f 1371/627/100 1370/627/100 1360/627/100 1361/627/100
f 1359/627/98 1360/627/98 1349/627/98
f 1370/627/101 1364/627/101 1349/627/101
f 1360/627/102 1370/627/102 1349/627/102
f 1353/627/103 1352/627/103 1364/627/103
f 1364/627/104 1352/627/104 1349/627/104
f 1350/627/98 1349/627/98 1352/627/98 1351/627/98
f 1354/627/98 1353/627/98 1355/627/98
f 1364/627/105 1362/627/105 1353/627/105
f 1358/627/101 1353/627/101 1362/627/101
f 1356/627/106 1355/627/106 1358/627/106 1357/627/106
f 1353/627/107 1358/627/107 1355/627/107
f 1370/627/98 1378/627/98 1369/627/98
f 1377/627/98 1378/627/98 1370/627/98
f 1399/627/108 1400/627/108 1402/627/108
f 1399/627/108 1397/627/108 1398/627/108 1400/627/108
f 1396/627/108 1394/627/108 1398/627/108 1397/627/108 1395/627/108
f 1412/627/108 1410/627/108 1411/627/108
f 1411/627/108 1410/627/108 1404/627/108
f 1404/627/108 1410/627/108 1401/627/108
f 1406/627/108 1407/627/108 1409/627/108 1405/627/108
f 1407/627/108 1408/627/108 1402/627/108 1409/627/108
f 1408/627/109 1403/627/109 1402/627/109
f 1403/627/110 1393/627/110 1392/627/110 1402/627/110
f 1391/627/108 1381/627/108 1392/627/108
f 1402/627/111 1381/627/111 1396/627/111
f 1392/627/112 1381/627/112 1402/627/112
f 1385/627/113 1396/627/113 1384/627/113
f 1396/627/114 1381/627/114 1384/627/114
f 1382/627/108 1383/627/108 1384/627/108 1381/627/108
f 1386/627/108 1387/627/108 1385/627/108
f 1396/627/115 1385/627/115 1394/627/115
f 1390/627/111 1394/627/111 1385/627/111
f 1388/627/116 1389/627/116 1390/627/116 1387/627/116
f 1385/627/117 1387/627/117 1390/627/117
f 1402/627/108 1401/627/108 1410/627/108
f 1409/627/108 1402/627/108 1410/627/108
f 1355/627/118 1387/627/118 1386/627/118 1354/627/118
f 1356/627/119 1388/627/119 1387/627/119 1355/627/119
f 1356/627/120 1357/627/120 1389/627/120 1388/627/120
f 1358/627/121 1390/627/121 1389/627/121 1357/627/121
f 1358/627/118 1362/627/118 1394/627/118 1390/627/118
f 1366/627/122 1398/627/122 1394/627/122 1362/627/122
f 1368/627/118 1400/627/118 1398/627/118 1366/627/118
f 1369/627/123 1401/627/123 1400/627/123 1368/627/123
f 1379/627/118 1411/627/118 1404/627/118 1372/627/118
f 1372/627/118 1404/627/118 1401/627/118 1369/627/118
f 1409/627/118 1412/627/118 1380/627/118 1377/627/118
f 1380/627/123 1412/627/123 1411/627/123 1379/627/123
f 1377/627/122 1373/627/122 1405/627/122 1409/627/122
f 1373/627/124 1374/627/124 1406/627/124 1405/627/124
f 1374/627/125 1375/627/125 1407/627/125 1406/627/125
f 1376/627/123 1408/627/123 1407/627/123 1375/627/123
f 1376/627/126 1371/627/126 1403/627/126 1408/627/126
f 1361/627/127 1360/627/127 1392/627/127 1393/627/127
f 1371/627/128 1361/627/128 1393/627/128 1403/627/128
f 1360/627/123 1359/627/123 1391/627/123 1392/627/123
f 1359/627/127 1349/627/127 1381/627/127 1391/627/127
f 1350/627/123 1382/627/123 1381/627/123 1349/627/123
f 1351/627/127 1383/627/127 1382/627/127 1350/627/127
f 1352/627/122 1384/627/122 1383/627/122 1351/627/122
f 1353/627/127 1385/627/127 1384/627/127 1352/627/127
f 1354/627/122 1386/627/122 1385/627/122 1353/627/122
f 1370/627/118 1402/627/118 1396/627/118 1364/627/118
f 1364/627/123 1396/627/123 1395/627/123 1363/627/123
f 1365/627/123 1363/627/123 1395/627/123 1397/627/123
f 1367/627/127 1365/627/127 1397/627/127 1399/627/127
f 1370/627/129 1367/627/129 1399/627/129 1402/627/129
o Roof2
v 4.870113 19.547045 57.864014
v 4.870113 19.547045 59.880135
v 25.424957 19.547045 59.880135
v 25.424957 19.547045 48.067238
v 27.893173 19.547045 48.067238
v 27.893173 19.547045 25.283705
v -29.735666 19.547045 57.864014
v -29.735666 19.547045 41.689590
v -34.165798 19.547045 41.689590
v 0.467974 19.393648 25.499144
v 0.467974 19.393648 19.864164
v -13.030865 19.393648 19.864164
v -13.030865 19.393648 21.151262
v -34.002956 19.393648 21.180878
v 4.870113 18.872585 57.864014
v 4.870113 18.872585 59.880135
v 25.424957 18.872585 59.880135
v 25.424957 18.872585 48.067238
v 27.893173 18.872585 48.067238
v 27.893173 18.872585 25.283705
v -29.735666 18.872585 57.864014
v -29.735666 18.872585 41.689590
v -34.165798 18.872585 41.689590
v 0.467974 18.719189 25.499144
v 0.467974 18.719189 19.864164
v -13.030865 18.719189 19.864164
v -13.030865 18.719189 21.151262
v -34.002956 18.719189 21.180878
vn -0.0000 1.0000 -0.0000
vn -0.0038 1.0000 -0.0026
vn 0.0015 1.0000 -0.0033
vn 0.0032 1.0000 -0.0025
vn -0.0003 1.0000 -0.0078
vn -0.0000 -1.0000 -0.0000
vn 0.0038 -1.0000 0.0026
vn -0.0015 -1.0000 0.0033
vn -0.0032 -1.0000 0.0025
vn 0.0003 -1.0000 0.0078
vn -1.0000 -0.0000 -0.0079
vn -0.0000 -0.0000 1.0000
vn -1.0000 -0.0000 -0.0000
vn -0.0014 -0.0000 -1.0000
vn -0.0000 -0.0000 -1.0000
vn 1.0000 -0.0000 -0.0000
vn -0.0079 -0.0000 -1.0000
vt 0.000000 0.000000
s 0
f 1414/628/130 1415/628/130 1416/628/130 1413/628/130
f 1413/628/131 1416/628/131 1418/628/131 1422/628/131
f 1417/628/130 1418/628/130 1416/628/130
f 1419/628/132 1413/628/132 1422/628/132 1420/628/132
f 1423/628/133 1421/628/133 1420/628/133 1422/628/133
f 1424/628/130 1425/628/130 1423/628/130
f 1426/628/134 1421/628/134 1423/628/134 1425/628/134
f 1428/628/135 1427/628/135 1430/628/135 1429/628/135
f 1427/628/136 1436/628/136 1432/628/136 1430/628/136
f 1431/628/135 1430/628/135 1432/628/135
f 1433/628/137 1434/628/137 1436/628/137 1427/628/137
f 1437/628/138 1436/628/138 1434/628/138 1435/628/138
f 1438/628/135 1437/628/135 1439/628/135
f 1440/628/139 1439/628/139 1437/628/139 1435/628/139
f 1426/628/140 1440/628/140 1435/628/140 1421/628/140
f 1421/628/141 1435/628/141 1434/628/141 1420/628/141
f 1420/628/142 1434/628/142 1433/628/142 1419/628/142
f 1419/628/141 1433/628/141 1427/628/141 1413/628/141
f 1414/628/142 1413/628/142 1427/628/142 1428/628/142
f 1415/628/141 1414/628/141 1428/628/141 1429/628/141
f 1426/628/143 1425/628/143 1439/628/143 1440/628/143
f 1425/628/142 1424/628/142 1438/628/142 1439/628/142
f 1424/628/144 1423/628/144 1437/628/144 1438/628/144
f 1423/628/145 1422/628/145 1436/628/145 1437/628/145
f 1422/628/146 1418/628/146 1432/628/146 1436/628/146
f 1418/628/145 1417/628/145 1431/628/145 1432/628/145
f 1417/628/141 1416/628/141 1430/628/141 1431/628/141
f 1416/628/145 1415/628/145 1429/628/145 1430/628/145
